company,country_or_market,segment,priority,priority_reason,proposed_use_case,evidence_and_personalisation,contact_channel,contact_url,public_role_email,source_urls,last_checked_utc,uncertainties,status,target_role,verified_on,source_validation,fit_is_inference
BitBox,Switzerland,Hardware wallet,A,Self-custody education companion or community gift,Self-custody education companion or community gift,"Official support explicitly accepts business, reseller, partnership and other B2B inquiries; ecosystem includes educators.",Official B2B contact form,https://contact.bitbox.swiss,,https://contact.bitbox.swiss | https://support.bitbox.swiss/how-to-contact-bitbox-support,2026-10-08T20:39:50Z,"Support is explicitly authorized to route B2B, but buying owner is unverified. Contact form has CAPTCHA and terms.",Research only; no outreach,"Brand marketing / community / events / people operations (role suggestion, not verified buyer)",2026-10-08,Official page opened plus official search-result text; no form submitted,"Yes; proposed use case is analyst inference, not confirmed buying intent"
Bitpanda,Austria / Switzerland / Europe,Exchange,A,Culture-led community gift or staff launch pack,Culture-led community gift or staff launch pack,Official group page explicitly invites marketing and cultural collaborations and tailored proposals.,Marketing/tailored partnership contact CTA,https://www.group.bitpanda.com/partners,,https://www.group.bitpanda.com/partners | https://www.bitpanda.com/en/partnership,2026-10-08T20:39:50Z,"Buyer budget, procurement owner and willingness to buy HISTROVE are unverified.",Research only; no outreach,"Brand marketing / community / events / people operations (role suggestion, not verified buyer)",2026-10-08,Official page opened plus official search-result text; no form submitted,"Yes; proposed use case is analyst inference, not confirmed buying intent"
Blockstream,Global; country unverified in cited page,Bitcoin infrastructure/hardware,A,Bitcoin history pack for Jade community or staff,Bitcoin-history sample presentation for Jade community or staff,Official contact offers business collaboration; official product pages list Jade and Bitcoin education.,Business & Sales email,https://blockstream.com/contact/,Enterprise_team@blockstream.com,https://blockstream.com/contact/ | https://help.blockstream.com/,2026-10-08T20:39:50Z,Bitcoin-first fit; broader Season 1 subjects need editorial screening. Enterprise team may need marketing referral.,Research only; no outreach,"Brand marketing / community / events / people operations (role suggestion, not verified buyer)",2026-10-08,Official page opened plus official search-result text; no form submitted,"Yes; proposed use case is analyst inference, not confirmed buying intent"
CoinJar,UK / Australia,Exchange,A,Community reward or onboarding event pack,Community reward or onboarding event pack,Official partners page invites proposals and says its Partnerships Team will respond.,Partnerships form,https://www.coinjar.com/global/partners,,https://www.coinjar.com/global/partners | https://www.coinjar.com/enquiries,2026-10-08T20:39:50Z,"Buyer budget, procurement owner and willingness to buy HISTROVE are unverified.",Research only; no outreach,"Brand marketing / community / events / people operations (role suggestion, not verified buyer)",2026-10-08,Official page opened plus official search-result text; no form submitted,"Yes; proposed use case is analyst inference, not confirmed buying intent"
Crypto.com,Global; country unverified in cited page,Exchange/payments,A,Sports-linked fan/community gift or staff pack,Sports-linked fan/community gift or staff pack,"Official partners page lists F1, UEFA, UFC and arena activations; About page has Become a Partner CTA.",Partnership CTA on About page,https://crypto.com/en/about/,,https://crypto.com/en/about/ | https://crypto.com/en/partners/,2026-10-08T20:39:50Z,Partnership CTA destination needs checking before outreach; no assumption that large sponsorship budgets fund collectibles.,Research only; no outreach,"Brand marketing / community / events / people operations (role suggestion, not verified buyer)",2026-10-08,Official page opened plus official search-result text; no form submitted,"Yes; proposed use case is analyst inference, not confirmed buying intent"
Kraken,Global; UK/Europe target market,Exchange,A,Crypto-history activation or employee gift,Crypto-history activation or employee gift,"Business inquiries article updated 1 October 2026 explicitly routes marketing, content and sponsorship initiatives.",Marketing/sponsorship link on business inquiries page,https://support.kraken.com/articles/4410362151828-business-inquiries,,https://support.kraken.com/articles/4410362151828-business-inquiries,2026-10-08T20:39:50Z,Email masked by web renderer; use official page link and verify displayed destination before outreach. Buyer budget unverified.,Research only; no outreach,"Brand marketing / community / events / people operations (role suggestion, not verified buyer)",2026-10-08,Official page opened plus official search-result text; no form submitted,"Yes; proposed use case is analyst inference, not confirmed buying intent"
Ledger,France,Hardware wallet,A,History pack bundled with physical community/employee gifts,History pack bundled with physical community/employee gifts,"Official site markets customized hardware and packaging for community, partners and employees; collaborations page includes cultural collectible partnerships.",Co-branded partnership form; request appropriate marketing referral,https://www.ledger.com/co-branded-partnership,,https://www.ledger.com/co-branded-partnership | https://www.ledger.com/collaborations,2026-10-08T20:39:50Z,Form primarily sells Ledger customization; not a verified external merchandise procurement inbox. HISTROVE quantities/prices are not Ledger advertised MOQs.,Research only; no outreach,"Brand marketing / community / events / people operations (role suggestion, not verified buyer)",2026-10-08,Official page opened plus official search-result text; no form submitted,"Yes; proposed use case is analyst inference, not confirmed buying intent"
OneKey,Global; country unverified in cited page,Hardware wallet,A,Physical collectible collaboration or event giveaway,Physical collectible collaboration or event giveaway,"Official collaboration guide explicitly discusses corporate gifts, community merchandise and event giveaways, plus marketing collaborations.",Web3 marketing partnership form via official guide,https://help.onekey.so/en/articles/13405885-looking-for-collaboration,,https://help.onekey.so/en/articles/13405885-looking-for-collaboration | https://gr4yl99ujhl.typeform.com/to/LUH0UVBX,2026-10-08T20:39:50Z,Co-branding and bulk purchase routes sell OneKey products; use Web3 Partnerships for HISTROVE proposal. No assumed buying commitment.,Research only; no outreach,"Brand marketing / community / events / people operations (role suggestion, not verified buyer)",2026-10-08,Official page opened plus official search-result text; no form submitted,"Yes; proposed use case is analyst inference, not confirmed buying intent"
Relai,Switzerland / France,Bitcoin app,A,Bitcoin education/community gift,Bitcoin education/community gift,Official partners page includes Bitcoin educators and authors and invites partnership proposals.,Interested in a Partnership contact CTA,https://relai.app/partner/,,https://relai.app/partner/,2026-10-08T20:39:50Z,Bitcoin-only audience: show representative Bitcoin history cards and check broader-crypto content fit before pitching.,Research only; no outreach,"Brand marketing / community / events / people operations (role suggestion, not verified buyer)",2026-10-08,Official page opened plus official search-result text; no form submitted,"Yes; proposed use case is analyst inference, not confirmed buying intent"
Tangem,Switzerland,Hardware wallet,A,Collectible-card companion for wallet community activations,Collectible-card companion for wallet community activations,Official contact page separately lists Partnership and Sales & Resellers teams; company address is Zug.,Partnership email,https://tangem.com/en/contacts/,partnerships@tangem.com,https://tangem.com/en/contacts/ | https://tangem.com/en/blog/post/digest-september-2023/,2026-10-08T20:39:50Z,"Buyer budget, procurement owner and willingness to buy HISTROVE are unverified.",Research only; no outreach,"Brand marketing / community / events / people operations (role suggestion, not verified buyer)",2026-10-08,Official page opened plus official search-result text; no form submitted,"Yes; proposed use case is analyst inference, not confirmed buying intent"
The Sandbox,Global; Europe target market,Web3 gaming/metaverse,A,Physical collectible pack for creator/community events,Physical collectible pack for creator/community events,"Official docs explicitly welcome collaboration proposals and connect artists, collectors and crypto enthusiasts.",Partnership form,https://www.sandbox.game/en/partnerships/,,https://www.sandbox.game/en/partnerships/ | https://docs.sandbox.game/en/about/partnerships,2026-10-08T20:39:50Z,Digital platform: qualify interest in physical activations. Animoca group relationship means coordinate ownership.,Research only; no outreach,"Brand marketing / community / events / people operations (role suggestion, not verified buyer)",2026-10-08,Official page opened plus official search-result text; no form submitted,"Yes; proposed use case is analyst inference, not confirmed buying intent"
Wintermute,UK / Singapore,Trading/liquidity,A,Crypto-native team gift or event guest pack,Crypto-native team gift or event guest pack,Official contact page has specific Events and Other routing; identifies UK trading entity.,Events or Other contact route,https://www.wintermute.com/contact,,https://www.wintermute.com/contact,2026-10-08T20:39:50Z,"Buyer budget, procurement owner and willingness to buy HISTROVE are unverified. Direct page recheck required before outreach.",Research only; no outreach,"Brand marketing / community / events / people operations (role suggestion, not verified buyer)",2026-10-08,Official indexed search-result text only; direct page opens failed twice,"Yes; proposed use case is analyst inference, not confirmed buying intent"
Wirex,Global; UK/Europe target market,Crypto payments/wallet,A,Loyalty community gift or employee pack,Loyalty community gift or employee pack,Official homepage lists distinct partners and marketing role addresses and crypto card products.,Marketing / partnerships email,https://www.wirexapp.com/,marketing@wirexapp.com; partners@wirexapp.com,https://www.wirexapp.com/,2026-10-08T20:39:50Z,"Buyer budget, procurement owner and willingness to buy HISTROVE are unverified.",Research only; no outreach,"Brand marketing / community / events / people operations (role suggestion, not verified buyer)",2026-10-08,Official page opened plus official search-result text; no form submitted,"Yes; proposed use case is analyst inference, not confirmed buying intent"
21shares,Switzerland,Crypto asset manager,B,Staff or adviser education-event pack,Staff or adviser education-event pack,EU contact page provides Zurich address and general enquiry email.,General enquiries email,https://www.21shares.com/en-eu/contact-us,info@21shares.com,https://www.21shares.com/en-eu/contact-us,2026-10-08T20:39:50Z,Financial product business; gift acceptance and procurement owner must be checked.,Research only; no outreach,"Brand marketing / community / events / people operations (role suggestion, not verified buyer)",2026-10-08,Official page opened plus official search-result text; no form submitted,"Yes; proposed use case is analyst inference, not confirmed buying intent"
Animoca Brands,Hong Kong / Australia,Web3 gaming/investment,B,Collectible culture employee or portfolio-event gift,Collectible culture employee or portfolio-event gift,Official press kit describes digital asset/game ecosystem; contact page routes business partnerships to Work with us.,Business partnerships via Work with us link,https://www.animocabrands.com/contact,,https://www.animocabrands.com/contact | https://www.animocabrands.com/press-kit,2026-10-08T20:39:50Z,Group includes The Sandbox; coordinate proposals to avoid duplicate group-level outreach.,Research only; no outreach,"Brand marketing / community / events / people operations (role suggestion, not verified buyer)",2026-10-08,Official page opened plus official search-result text; no form submitted,"Yes; proposed use case is analyst inference, not confirmed buying intent"
B2C2,UK,Institutional liquidity,B,Crypto-native staff or partner event gift,Crypto-native staff or partner event gift,Contact page lists London HQ and global offices; official about page emphasizes crypto-native technology.,Team-select contact form,https://www.b2c2.com/contact-us,,https://www.b2c2.com/contact-us | https://www.b2c2.com/about,2026-10-08T20:39:50Z,"marketing@b2c2.com is explicitly for media, not a verified sales-pitch inbox. Form may be trading-focused; request referral.",Research only; no outreach,"Brand marketing / community / events / people operations (role suggestion, not verified buyer)",2026-10-08,Official page opened plus official search-result text; no form submitted,"Yes; proposed use case is analyst inference, not confirmed buying intent"
BCB Group,UK,Digital asset payments infrastructure,B,Team or client education-event gift,Team or client education-event gift,Official contact page invites business enquiries; legal page identifies London registered office.,Business contact form,https://www.bcbgroup.com/contact-us/?_hsmi=2,,https://www.bcbgroup.com/contact-us/?_hsmi=2 | https://www.bcbgroup.com/en-fr/terms-of-use/,2026-10-08T20:39:50Z,Commercial form sells BCB services; seek marketing/people referral.,Research only; no outreach,"Brand marketing / community / events / people operations (role suggestion, not verified buyer)",2026-10-08,Official page opened plus official search-result text; no form submitted,"Yes; proposed use case is analyst inference, not confirmed buying intent"
Bitget,Global; country unverified in cited page,Exchange,B,Community campaign prize or staff gift,Community campaign prize or staff gift,Current official Contact Us page explicitly offers business inquiries for partnerships and collaborations.,Business inquiries button,https://www.bitget.com/promotion/contact-us,,https://www.bitget.com/promotion/contact-us,2026-10-08T20:39:50Z,Do not use older BD emails without rechecking. Campaign compliance and geographic audience must be qualified. Verify Business inquiries button in browser before outreach.,Research only; no outreach,"Brand marketing / community / events / people operations (role suggestion, not verified buyer)",2026-10-08,Official search-result text for business button; direct page opened but only page shell rendered,"Yes; proposed use case is analyst inference, not confirmed buying intent"
Bitonic,Netherlands,Bitcoin broker,B,Bitcoin heritage community/event pack,Bitcoin heritage community/event pack,Official site describes itself as first Bitcoin company in the Netherlands; contact page publishes Amsterdam address.,General email or contact form,https://bitonic.nl/nl/contact,contact@bitonic.nl,https://bitonic.nl/nl/contact | https://bitonic.nl/nl/,2026-10-08T20:39:50Z,General inbox also handles customer support; request marketing referral. Bitcoin-only editorial fit matters.,Research only; no outreach,"Brand marketing / community / events / people operations (role suggestion, not verified buyer)",2026-10-08,Official page opened plus official search-result text; no form submitted,"Yes; proposed use case is analyst inference, not confirmed buying intent"
Bitstamp by Robinhood,Europe / UK target market,Exchange,B,Industry-heritage staff or partner gift,Industry-heritage staff or partner gift,Official institutional material emphasizes long-running crypto history and publishes partners inbox.,Institutional partnership email; referral only,https://www.bitstamp.net/api/,partners@bitstamp.net,https://www.bitstamp.net/api/ | https://blog.bitstamp.net/post/navigating-the-crypto-industry-choosing-reliable-partners/,2026-10-08T20:39:50Z,Email currently published for data licensing; not verified merchandise marketing route. Account owned by Robinhood; avoid duplicate parent outreach.,Research only; no outreach,"Brand marketing / community / events / people operations (role suggestion, not verified buyer)",2026-10-08,Official page opened plus official search-result text; no form submitted,"Yes; proposed use case is analyst inference, not confirmed buying intent"
Bitwise Europe,UK / Germany,Crypto asset manager,B,Crypto-history employee or adviser-event pack,Crypto-history employee or adviser-event pack,Official contact page lists London and Frankfurt teams and general/press email.,General and press enquiries email,https://bitwiseinvestments.eu/contacts/,europe@bitwiseinvestments.com,https://bitwiseinvestments.eu/contacts/ | https://bitwiseinvestments.eu/faq/,2026-10-08T20:39:50Z,"Buyer budget, procurement owner and willingness to buy HISTROVE are unverified.",Research only; no outreach,"Brand marketing / community / events / people operations (role suggestion, not verified buyer)",2026-10-08,Official page opened plus official search-result text; no form submitted,"Yes; proposed use case is analyst inference, not confirmed buying intent"
BVNK,UK / global,Stablecoin payments,B,Employee onboarding or partner-event gift,Employee onboarding or partner-event gift,"Official contact form asks about business needs; newsroom describes team across UK, US, Europe and Africa.",Business contact form,https://www.bvnk.com/contact,,https://www.bvnk.com/contact | https://www.bvnk.com/newsroom,2026-10-08T20:39:50Z,Sales form not verified procurement. press@bvnk.com is media only.,Research only; no outreach,"Brand marketing / community / events / people operations (role suggestion, not verified buyer)",2026-10-08,Official page opened plus official search-result text; no form submitted,"Yes; proposed use case is analyst inference, not confirmed buying intent"
Circle,Global; US target market,Stablecoin infrastructure,B,Employee gift or developer/community event pack,Employee gift or developer/community event pack,Official contact page routes Alliance Program and partnership use cases.,Partner contact form,https://www.circle.com/contact/partner,,https://www.circle.com/contact/partner | https://www.circle.com/contact-us,2026-10-08T20:39:50Z,Circle partnerships focus on financial infrastructure; merchandise buying owner unverified.,Research only; no outreach,"Brand marketing / community / events / people operations (role suggestion, not verified buyer)",2026-10-08,Official page opened plus official search-result text; no form submitted,"Yes; proposed use case is analyst inference, not confirmed buying intent"
CoinCorner,Isle of Man / UK,Bitcoin exchange/payments,B,Bitcoin education and local event pack,Bitcoin education and local event pack,"Official about page emphasizes public talks, podcasts and education, with Isle of Man and London locations.",Unresolved business contact; official about page links customer support,https://www.coincorner.com/about,,https://www.coincorner.com/about,2026-10-08T20:39:50Z,Only customer support routing verified; find marketing/events introduction before sending a sales pitch. Bitcoin-only audience. Direct page recheck required before outreach.,Research only; no outreach,"Brand marketing / community / events / people operations (role suggestion, not verified buyer)",2026-10-08,Official indexed search-result text only; direct page opens failed twice,"Yes; proposed use case is analyst inference, not confirmed buying intent"
CoinShares,Jersey / UK / France,Digital asset manager,B,Employee or education-event gift,Employee or education-event gift,"Official contact page lists London, Paris and Jersey offices; current press page publishes company enquiries inbox.",General company email / contact form,https://investor.coinshares.com/contact,enquiries@coinshares.com,https://investor.coinshares.com/contact | https://investor.coinshares.com/press,2026-10-08T20:39:50Z,"Buyer budget, procurement owner and willingness to buy HISTROVE are unverified.",Research only; no outreach,"Brand marketing / community / events / people operations (role suggestion, not verified buyer)",2026-10-08,Official page opened plus official search-result text; no form submitted,"Yes; proposed use case is analyst inference, not confirmed buying intent"
Consensys,Global; US/Europe target market,Ethereum software/education,B,Employee onboarding or educational workshop pack,Employee onboarding or educational workshop pack,Official Academy partnership page offers employee training and content collaboration.,Academy partnership Email Us link,https://consensys.io/academy/partnerships,,https://consensys.io/academy/partnerships | https://consensys.io/company,2026-10-08T20:39:50Z,Academy route sells/licenses training; external physical product fit unverified. Email not decoded or guessed.,Research only; no outreach,"Brand marketing / community / events / people operations (role suggestion, not verified buyer)",2026-10-08,Official page opened plus official search-result text; no form submitted,"Yes; proposed use case is analyst inference, not confirmed buying intent"
Copper,Switzerland / UK target market,Institutional custody,B,Team appreciation or institutional event gift,Team appreciation or institutional event gift,"Official site serves exchanges, foundations, funds and miners and lists a general business inbox.",General business email,https://copper.co/,hello@copper.co,https://copper.co/,2026-10-08T20:39:50Z,No merchandise buying owner verified; recipient gift policies may limit client gifts.,Research only; no outreach,"Brand marketing / community / events / people operations (role suggestion, not verified buyer)",2026-10-08,Official page opened plus official search-result text; no form submitted,"Yes; proposed use case is analyst inference, not confirmed buying intent"
Elliptic,UK,Blockchain analytics,B,Staff onboarding or crypto-history learning pack,Staff onboarding or crypto-history learning pack,Official company describes crypto compliance analytics; general enquiry form accepts non-support inquiries.,General enquiries form,https://www.elliptic.co/contact/,,https://www.elliptic.co/contact/ | https://www.elliptic.co/privacy-notice/,2026-10-08T20:39:50Z,"Buyer budget, procurement owner and willingness to buy HISTROVE are unverified.",Research only; no outreach,"Brand marketing / community / events / people operations (role suggestion, not verified buyer)",2026-10-08,Official page opened plus official search-result text; no form submitted,"Yes; proposed use case is analyst inference, not confirmed buying intent"
Fireblocks,Global; country unverified in cited page,Digital asset infrastructure,B,Staff onboarding or ecosystem event gift,Staff onboarding or ecosystem event gift,Official partner page describes digital-asset business network and provides partner application plus general inbox.,General business email or partner form,https://www.fireblocks.com/solutions/partners,info@fireblocks.com,https://www.fireblocks.com/solutions/partners,2026-10-08T20:39:50Z,"Partner form is technology/services oriented, not merchandise buying. Use general referral first.",Research only; no outreach,"Brand marketing / community / events / people operations (role suggestion, not verified buyer)",2026-10-08,Official page opened plus official search-result text; no form submitted,"Yes; proposed use case is analyst inference, not confirmed buying intent"
Flowdesk,France,Trading/liquidity,B,Employee gift or partner-event pack,Employee gift or partner-event pack,Official company page describes technology trading business and publishes Paris entity address in terms.,Official company contact CTA; buyer route unresolved,https://www.flowdesk.co/company,,https://www.flowdesk.co/company | https://www.flowdesk.co/legal/terms-of-use,2026-10-08T20:39:50Z,"Do not use legal, privacy, complaints or whistleblowing inboxes for sales. No marketing email verified.",Research only; no outreach,"Brand marketing / community / events / people operations (role suggestion, not verified buyer)",2026-10-08,Official page opened plus official search-result text; no form submitted,"Yes; proposed use case is analyst inference, not confirmed buying intent"
GSR,UK / Singapore / US,Trading/liquidity,B,Employee gift or institutional community event pack,Employee gift or institutional community event pack,Official contact page offers general business form; site publishes market research and podcast.,Business form; referral needed,https://www.gsr.io/contact-us,,https://www.gsr.io/contact-us,2026-10-08T20:39:50Z,Form is trading-oriented; marketing@gsr.io is explicitly for media queries. Do not treat that email as procurement.,Research only; no outreach,"Brand marketing / community / events / people operations (role suggestion, not verified buyer)",2026-10-08,Official page opened plus official search-result text; no form submitted,"Yes; proposed use case is analyst inference, not confirmed buying intent"
Improbable,UK,Web3 venture builder,B,Studio staff or portfolio community gift,Studio staff or portfolio community gift,"Official about page describes Cambridge origins, Web3 ventures and live digital community experiences.",Contact CTA on official homepage,https://www.improbable.io/,,https://www.improbable.io/ | https://www.improbable.io/about-us,2026-10-08T20:39:50Z,Contact is primarily venture-building; no merchandise buying owner verified.,Research only; no outreach,"Brand marketing / community / events / people operations (role suggestion, not verified buyer)",2026-10-08,Official page opened plus official search-result text; no form submitted,"Yes; proposed use case is analyst inference, not confirmed buying intent"
Kaiko,France / US / global,Crypto data/research,B,Research-team gift or institutional event delegate pack,Research-team gift or institutional event delegate pack,Official partnership page invites proposals; The Agora Cannes 2026 page documents a physical industry gathering.,Partnership form,https://www.kaiko.com/about-kaiko/partnerships,,https://www.kaiko.com/about-kaiko/partnerships | https://agora.kaiko.com/events/cannes-2026,2026-10-08T20:39:50Z,Partnerships are mainly data/infrastructure; merchandise buyer unverified. Do not count Amberdata separately due to acquisition.,Research only; no outreach,"Brand marketing / community / events / people operations (role suggestion, not verified buyer)",2026-10-08,Official page opened plus official search-result text; no form submitted,"Yes; proposed use case is analyst inference, not confirmed buying intent"
Keyrock,Belgium / UK / France,Digital asset liquidity,B,Team culture or ecosystem meetup pack,Team culture or ecosystem meetup pack,"Official contact page lists Brussels, London and Paris offices and provides partnership-facing contact form.",General business contact form,https://keyrock.com/contact/,,https://keyrock.com/contact/,2026-10-08T20:39:50Z,"Buyer budget, procurement owner and willingness to buy HISTROVE are unverified.",Research only; no outreach,"Brand marketing / community / events / people operations (role suggestion, not verified buyer)",2026-10-08,Official page opened plus official search-result text; no form submitted,"Yes; proposed use case is analyst inference, not confirmed buying intent"
Mercuryo,UK / Cyprus / global,Crypto payments infrastructure,B,Employee gift or partner-event pack,Employee gift or partner-event pack,"Official about page lists London and other offices, marketing and partnership functions; contact page publishes sales inbox.",Business sales form/email; marketing referral,https://mercuryo.io/get-in-touch,sales@mercuryo.io,https://mercuryo.io/get-in-touch | https://www.mercuryo.io/about,2026-10-08T20:39:50Z,Sales team sells payment tools; ask for marketing/people team referral.,Research only; no outreach,"Brand marketing / community / events / people operations (role suggestion, not verified buyer)",2026-10-08,Official page opened plus official search-result text; no form submitted,"Yes; proposed use case is analyst inference, not confirmed buying intent"
Ripple,Global; US/UK target market,Blockchain payments,B,Employee or ecosystem-event collectible gift,Employee or ecosystem-event collectible gift,"Official contact page separates Sales, Press and Partnership teams.",Partnership Team contact CTA,https://ripple.com/contact/,,https://ripple.com/contact/,2026-10-08T20:39:50Z,Specific partnership categories and merchandise buyer still need qualification.,Research only; no outreach,"Brand marketing / community / events / people operations (role suggestion, not verified buyer)",2026-10-08,Official page opened plus official search-result text; no form submitted,"Yes; proposed use case is analyst inference, not confirmed buying intent"
SwissBorg,Switzerland / Europe target market,Crypto wealth platform,B,Premium community member gift,Premium community member gift,Official Pegasus 2026 page discusses exclusive events and exploring lifestyle partnerships.,Unresolved marketing contact; corporate-account email is not merchandise buying,https://swissborg.com/blog/pegasus-swissborg-most-exclusive-club,,https://swissborg.com/blog/pegasus-swissborg-most-exclusive-club | https://swissborg.com/corporate-account,2026-10-08T20:39:50Z,Only corporate@swissborg.com for account questions and an old 2022 named press contact surfaced; neither treated as verified marketing buyer.,Research only; no outreach,"Brand marketing / community / events / people operations (role suggestion, not verified buyer)",2026-10-08,Official page opened plus official search-result text; no form submitted,"Yes; proposed use case is analyst inference, not confirmed buying intent"
Trezor,Czech Republic,Hardware wallet,B,Self-custody community or employee gift,Self-custody community or employee gift,Official partner portal supports reseller and affiliate ecosystem.,Partner portal; route suitability needs checking,https://trezor.io/other/partner-portal,,https://trezor.io/other/partner-portal | https://trezor.io/documents/trezor_website_terms_of_use.pdf,2026-10-08T20:39:50Z,"Portal is primarily reseller/affiliate oriented, not verified gift procurement. General corporate address supported by terms.",Research only; no outreach,"Brand marketing / community / events / people operations (role suggestion, not verified buyer)",2026-10-08,Official page opened plus official search-result text; no form submitted,"Yes; proposed use case is analyst inference, not confirmed buying intent"
Zodia Custody,UK,Institutional custody,B,Employee onboarding or partner-event gift,Employee onboarding or partner-event gift,Official about page identifies London HQ and people leadership; lists a Get in touch channel.,Get in touch link; email masked in renderer,https://zodia-custody.com/about-us/,,https://zodia-custody.com/about-us/,2026-10-08T20:39:50Z,Verify email destination before sending; financial institution gift policies and buyer owner unverified.,Research only; no outreach,"Brand marketing / community / events / people operations (role suggestion, not verified buyer)",2026-10-08,Official page opened plus official search-result text; no form submitted,"Yes; proposed use case is analyst inference, not confirmed buying intent"
BitPay,Global; US target market,Crypto payments,C,Crypto commerce milestone or employee gift,Crypto commerce milestone or employee gift,Official business page supports commerce and in-store crypto payments.,Business account sales form; referral only,https://www.bitpay.com/contact-sales,,https://www.bitpay.com/contact-sales | https://www.bitpay.com/business,2026-10-08T20:39:50Z,"Form is for buying BitPay services, not merchandise procurement.",Research only; no outreach,"Brand marketing / community / events / people operations (role suggestion, not verified buyer)",2026-10-08,Official page opened plus official search-result text; no form submitted,"Yes; proposed use case is analyst inference, not confirmed buying intent"
Bitvavo,Netherlands,Exchange,C,European community or team gift,European community or team gift,Official institutional page serves corporates and financial institutions; help page lists Amsterdam address.,Institutional contact CTA; buyer route unresolved,https://www.bitvavo.com/en/institutional,,https://www.bitvavo.com/en/institutional | https://support.bitvavo.com/hc/en-us/sections/21953616461457-Contact-feedback-and-requests,2026-10-08T20:39:50Z,Institutional sales channel sells trading services; marketing procurement not verified. Do not use support as bulk-sales inbox.,Research only; no outreach,"Brand marketing / community / events / people operations (role suggestion, not verified buyer)",2026-10-08,Official page opened plus official search-result text; no form submitted,"Yes; proposed use case is analyst inference, not confirmed buying intent"
Coinbase,Global; US/UK target market,Exchange,C,Staff or community crypto-history gift,Staff or community crypto-history gift,Official press site verifies company and mission; affiliate programme exists but serves customer acquisition.,Unresolved marketing procurement contact; press only found,https://www.coinbase.com/press,,https://www.coinbase.com/press | https://help.coinbase.com/en/coinbase/other-topics/cb-affiliate-program,2026-10-08T20:39:50Z,press@coinbase.com is press only; do not pitch gifts to support or falsely apply as affiliate.,Research only; no outreach,"Brand marketing / community / events / people operations (role suggestion, not verified buyer)",2026-10-08,Official page opened plus official search-result text; no form submitted,"Yes; proposed use case is analyst inference, not confirmed buying intent"
NGRAVE,Belgium target market; location recheck,Hardware wallet,C,Premium self-custody gift companion,Premium self-custody gift companion,Official contact page supports physical product customers and use/care guidance.,Unresolved business contact; support only verified,https://ngrave.io/en/contact,,https://ngrave.io/en/contact,2026-10-08T20:39:50Z,"support@ngrave.io is customer support, not a verified partnerships route. Country not established by cited contact page.",Research only; no outreach,"Brand marketing / community / events / people operations (role suggestion, not verified buyer)",2026-10-08,Official page opened plus official search-result text; no form submitted,"Yes; proposed use case is analyst inference, not confirmed buying intent"
Pocket Bitcoin,Switzerland target market; location recheck,Bitcoin app,C,Bitcoin education/community gift,Bitcoin education/community gift,Official developer page invites projects and offers Bitcoin purchase integrations.,Developer collaboration contact CTA,https://pocketbitcoin.com/developers,,https://pocketbitcoin.com/developers | https://pocketbitcoin.com/blog/posts/security-incident-update,2026-10-08T20:39:50Z,Integration sales route is not gift procurement; current marketing/business owner needs verification.,Research only; no outreach,"Brand marketing / community / events / people operations (role suggestion, not verified buyer)",2026-10-08,Official page opened plus official search-result text; no form submitted,"Yes; proposed use case is analyst inference, not confirmed buying intent"
Ramp Network,UK / Europe target market,On/off-ramp infrastructure,C,Developer-community or partner event pack,Developer-community or partner event pack,"Official token integration page describes co-marketing through social, email and blogs.",Contact-sales form; integration-oriented,https://rampnetwork.com/contact-sales,,https://ramp.network/contact-sales | https://ramp.network/token-integration | https://rampnetwork.com/contact-sales,2026-10-08T20:39:50Z,Official old domain redirects to rampnetwork.com; integration sales route is not verified merchandise procurement.,Research only; no outreach,"Brand marketing / community / events / people operations (role suggestion, not verified buyer)",2026-10-08,Official page opened plus official search-result text; no form submitted,"Yes; proposed use case is analyst inference, not confirmed buying intent"
Transak,Global; UK target market,On/off-ramp infrastructure,C,Developer-event or employee gift,Developer-event or employee gift,Official docs provide Talk to Sales and distinguish existing-partner integration support.,Talk to Sales link in official guide,https://docs.transak.com/getting-started/help-and-support,,https://docs.transak.com/getting-started/help-and-support,2026-10-08T20:39:50Z,Integration sales not merchandise procurement; existing-partner support requires KYB-approved account and is inappropriate for cold pitch.,Research only; no outreach,"Brand marketing / community / events / people operations (role suggestion, not verified buyer)",2026-10-08,Official page opened plus official search-result text; no form submitted,"Yes; proposed use case is analyst inference, not confirmed buying intent"

