id,name,third_pass_result,qualification_limit,official_sources,checked_on
COM-018,Bitget,Resolved published business email,BD@bitget.com appears on current official .com page under Business inquiries; buyer owner not verified,https://www.bitget.com/events/antiscamhub,2026-10-09
COM-006,Kraken,Partial routing improvement,"Exact marketing email corroborated by multiple official indexed localisations; current extracted page masks address, so live recheck remains",https://support.kraken.com/ko/articles/4410362151828-business-inquiries,2026-10-09
COM-024,CoinCorner,Report-related marketing route identified,Published research-report inbox found; broader partnership acceptance remains unverified,https://bitcoin.co.uk/pdf/bitcoin-on-balance-sheet-2024.pdf,2026-10-09
COM-012,Wintermute,More specific event route identified,Official indexed EndPoint co-host invitation and dedicated event-contact URL; direct extraction fails,https://www.wintermute.com/events | https://www.wintermute.com/contact/events,2026-10-09
COM-002,Bitpanda,Downgraded to B-watch,Officially linked Fillout destination returned404; verify live or obtain suitable introduction,https://www.group.bitpanda.com/partners | https://bitpanda.fillout.com/partnerwithus,2026-10-09
COM-009,Relai,Unresolved after endpoint check,Partner CTA resolves to masked email-protection endpoint; no address guessed,https://relai.app/partner/,2026-10-09
RET-017,BT Collectibles,Customer-order route distinguished from buying,Indexed orders/quotes/invoicing email reconfirmed; supplier intake remains unverified,https://btcollectibles.com/,2026-10-09
COM-007,Ledger,Buyer gap remains,Official co-branding form sells Ledger hardware; affiliate route promotes Ledger sales; neither establishes outside-merchandise buyer,https://www.ledger.com/co-branded-partnership | https://affiliate.ledger.com/,2026-10-09
CRE-028,What Bitcoin Did,Contact gap remains,Current official sponsor page lists advertisers but no business enquiry route; directory guesses excluded,https://www.whatbitcoindid.com/sponsors,2026-10-09
CRE-029,Once Bitten,Contact gap remains,Official about page confirms show identity but no commercial address; no unrelated names or directory emails used,https://www.once-bitten.com/about,2026-10-09
RET-018,Koil Breaks,Contact gap remains,Official store timed out; no address guessed,https://koilbreaks.com/,2026-10-09
CRE-039,Timechain Art Magazine,Form gap remains,Official contact page renders a JavaScript-required notice; no support inbox repurposed,https://timechainartmagazine.com/contact/,2026-10-09
