id,name,category,account_group,region,priority,contact,contact_type,contact_source,evidence_sources,evidence,proposed_angle_inference,cautions,next_event_start,next_event_end,event_status,verified_on,source_validation,outreach_status,segment,research_wave,next_qualification_step
CRE-001,Joe Nakamoto (Joe Hall),creator,Joe Nakamoto (Joe Hall),UK/European connections; global English,A,https://www.joenakamoto.com/#contact,Explicit project-collaboration / paid-services form,https://www.joenakamoto.com/,https://www.joenakamoto.com/,"Official site offers documentary filmmaking, event hosting, talks and workshops for hire. Contact form explicitly invites work on Bitcoin projects and exposes name, email and message fields. Public sponsor and affiliate relationships are disclosed.",Short history film using selected cards; sample-pack unboxing,Site also promotes Bitcoin-backed loans and banking; keep HISTROVE segment focused on physical culture; Site discloses media sponsors and affiliate commissions,,,,2026-10-09,Official homepage and contact form text opened; not submitted,Research only; not contacted,creator,1,"Reopen official route and qualify fit, buying role, timing and readiness before any individually approved contact."
CRE-002,The Bitcoin Collective / Jordan Walker,creator,The Bitcoin Collective / Jordan Walker,UK; English,A,hello@bitcoincollective.co,General business/editorial email,https://bitcoincollective.co/contact,https://bitcoincollective.co/,"Official contact page invites questions, stories and businesses considering Bitcoin, and publishes hello@bitcoincollective.co. This is a valid general business/editorial route, not a dedicated sponsorship-sales inbox.",Founder conversation and illustrated Bitcoin-history feature,Confirm comfort with a collection covering broader crypto history; Site states Bitcoin-only; no price predictions,,,,2026-10-09,Official contact page opened and exact email checked,Research only; not contacted,creator,1,"Reopen official route and qualify fit, buying role, timing and readiness before any individually approved contact."
CRE-003,NFT Culture,creator,NFT Culture,Global English,A,pr@nftculture.com,Public PR / project enquiry email; media kit available,https://www.nftculture.com/about/,https://www.nftculture.com/,"Official About page publishes pr@nftculture.com and admin@nftculture.com, offers marketing/promotion services and links a media kit. Use PR email for physical-art relevance rather than NFT project-submission form.",Art-direction interview; pack-opening feature; collector giveaway,Explain that HISTROVE is physical cards and book; do not imply NFT or token utility; Commercial promotion services and media kit offered on About page,,,,2026-10-09,Official About page opened; exact emails and commercial offer checked,Research only; not contacted,creator,1,"Reopen official route and qualify fit, buying role, timing and readiness before any individually approved contact."
CRE-004,BTC Sessions / Ben Perrin,creator,BTC Sessions / Ben Perrin,Canada/global English,A,https://www.btcsessions.ca/contact,Contact form with explicit Sponsorships and Media Inquiry options,https://www.btcsessions.ca/contact,https://www.btcsessions.ca/,"Official contact form exposes General Inquiry, Technical bitcoin question, Media Inquiry and Sponsorships choices. Commercial routing is explicit; physical collectible acceptance remains unverified.",Desk-based sample unboxing plus three historical events,Bitcoin-only positioning; confirm broader-crypto collection fit. Bitcoin Well publicly announced a 2024 commercial sponsorship: https://bitcoinwell.com/press-releases/bitcoin-well-announces-btc-sessions-partnership-apr-02-2024; Contact form has Sponsorships option; official site offers hardware-wallet giveaways,,,,2026-10-09,Official contact page opened and Sponsorships choice checked; no form submitted,Research only; not contacted,creator,1,"Reopen official route and qualify fit, buying role, timing and readiness before any individually approved contact."
CRE-005,Bitcoin Audible / Guy Swann,creator,Bitcoin Audible / Guy Swann,Global English,A,https://bitcoinaudible.com/contact-us/,Explicit guest / idea contact form; no verified dedicated sponsor inbox,https://bitcoinaudible.com/contact-us/,https://bitcoinaudible.com/read_450-getting-lightning-ready-for-global-takeover-roy-sheinfeld/,"Official contact page explicitly invites Bitcoin ideas and prospective guests; name, email and message fields are visible. Footer links a media kit, but that link failed to retrieve. Guest/editorial route is verified; commercial package remains unverified.",Read and discuss an authorised short book excerpt; history episode,Secure excerpt permission and preserve independent editorial opinion; Published episodes thank named sponsors,,,,2026-10-09,Official contact page opened; media-kit retrieval failed,Research only; not contacted,creator,1,"Reopen official route and qualify fit, buying role, timing and readiness before any individually approved contact."
CRE-006,Love is Bitcoin / George Saoulidis and team,creator,Love is Bitcoin / George Saoulidis and team,European community connections; global English,A,https://cal.com/loveisbitcoin/,Published marketing discovery-call route,https://loveisbitcoin.com/marketing/,https://loveisbitcoin.com/,"Official marketing page offers a free 30-minute discovery call, content creation, video, articles and real-world event promotion. It explicitly links cal.com/loveisbitcoin/.",Collector feature; meme/history short; sample pack giveaway,Published offer is for Bitcoin products or Bitcoin-aligned businesses accepting Bitcoin payments. HISTROVE payment methods and broader-crypto fit require qualification. Page is dated April 2025; confirm availability and deliverables. Sponsored-content and affiliate disclosures remain relevant.,,,,2026-10-09,Official marketing page opened; booking URL and qualification wording checked; no booking made,Research only; not contacted,creator,1,"Reopen official route and qualify fit, buying role, timing and readiness before any individually approved contact."
CRE-007,Rabbit Hole Stories / Joël Kai Lenz and Ian,creator,Rabbit Hole Stories / Joël Kai Lenz and Ian,European connections; English,B-watch,show@rabbitholestories.co,Public show email,https://rabbitholestories.co/about,https://rabbitholestories.co/about | https://rabbitholestories.co/,"Official About page explicitly welcomes prospective guests and publishes show@rabbitholestories.co. Official indexed homepage lists latest episode E96, Jamie Plowman, dated 17 March 2025. No 2026 episode confirmed.",How crypto history became collectible art; favourite milestone discussion,"Guest-pitch inbox, not an explicit paid sponsorship offer. Current cadence is unconfirmed; retain as activity-check watchlist rather than first-wave campaign. No no-sponsorship policy found.",,,,2026-10-09,Official About page opened; activity from official indexed homepage because direct homepage timed out,Research only; not contacted,creator,1,"Resolve the named contact, activity, date or suitability blocker before considering outreach. Reopen official route and qualify fit, buying role, timing and readiness before any individually approved contact."
CRE-008,Blocktrainer / Roman Reher,creator,Blocktrainer / Roman Reher,Germany / DACH; German,A,Info@blocktrainer.de,Business-only email,https://shop.blocktrainer.de/policies/legal-notice,https://www.blocktrainer.de/sponsoren-anmeldung,Bitcoin education and economics; Strong German-language Bitcoin enthusiast audience,German review of selected Bitcoin-history cards; visual explainer,Existing sponsorship registration page refers to 2025 event; use business email for a fresh creator proposal. Check language and Bitcoin-only fit; Official pages disclose partner links and educational-only content,,,,2026-10-08,Verified official business email,Research only; not contacted,creator,1,"Reopen official route and qualify fit, buying role, timing and readiness before any individually approved contact."
CRE-009,Einundzwanzig,creator,Einundzwanzig,Germany / Austria / Switzerland; German,A,mail@einundzwanzig.space,General organisational email,https://einundzwanzig.space/kontakt/,https://einundzwanzig.space/,Bitcoin-only community; interviews; readings; Strong niche community and nostalgia fit,German history discussion; sample pack at community recording,Strong Bitcoin-only editorial stance; ask whether wider crypto-history subject matter fits; Homepage explicitly names BitBox sponsorship and Pocket Bitcoin promotion,,,,2026-10-08,Verified official site and organisational email,Research only; not contacted,creator,1,"Reopen official route and qualify fit, buying role, timing and readiness before any individually approved contact."
CRE-010,Anita Posch,creator,Anita Posch,Europe / global; English and German content,B,https://anita.onl/contact,Preferred contact form,https://anita.onl/contact,https://anita.onl/,Bitcoin education; human rights; real-world adoption; Good educational fit if historical stories are substantive,Book-and-card discussion on Bitcoin adoption history,Purpose-led education focus; propose education rather than hype or speculative collecting; No commercial review policy found on checked pages,,,,2026-10-08,Verified official site and preferred form,Research only; not contacted,creator,1,"Reopen official route and qualify fit, buying role, timing and readiness before any individually approved contact."
CRE-011,CryptoStache / Secret Agent Stache,creator,CryptoStache / Secret Agent Stache,US/global English,A,https://www.cryptostache.com/advertising-inquiry-form/,Dedicated advertising / partnerships form,https://www.cryptostache.com/media/,https://www.cryptostache.com/media/ | https://www.cryptostache.com/advertising-inquiry-form/,"Official media page explicitly offers advertising and partnerships, says selection is selective and gaming-focused, and links a dedicated advertising inquiry form. Linked form opens.",Pack opening and art review; collector giveaway,"Strong gaming orientation may weaken fit for HISTROVE: it is physical history cards and a book, with no gameplay, NFT or financial rights. Do not submit as a crypto game or imply purchasable favourable editorial coverage.",,,,2026-10-09,Official media page and linked advertising form opened; no submission,Research only; not contacted,creator,1,"Reopen official route and qualify fit, buying role, timing and readiness before any individually approved contact."
CRE-012,Randi Hipper / Miss Teen Crypto,creator,Randi Hipper / Miss Teen Crypto,US/global English,B,https://missteencrypto.com/contact-randi-hipper,Team contact form,https://missteencrypto.com/contact-randi-hipper,https://missteencrypto.com/,Crypto and NFT education; younger adult audience; Visual and accessible collector-story fit,Pack-opening short; illustrated crypto-history quiz,Creator is an adult per official bio; avoid youth investment messaging and speculative claims; Official services offer brand social promotion and interviews,,,,2026-10-08,Verified official site and team form,Research only; not contacted,creator,1,"Reopen official route and qualify fit, buying role, timing and readiness before any individually approved contact."
CRE-013,WhiteboardCrypto,creator,WhiteboardCrypto,Global English,B,https://whiteboardcrypto.com/contact-us/,General contact page; course-business email also public,https://whiteboardcrypto.com/contact-us/,https://whiteboardcrypto.com/,Blockchain; DeFi; clear stories and analogies; Good history education fit; less naturally an unboxing channel,Animated historical milestone explainer with disclosed product segment,"No current sponsorship policy verified; contact page email is obscured in text extraction so use page, not a guessed address; Official footer says educational information is not financial advice",,,,2026-10-08,Verified official contact page; commercial willingness unconfirmed,Research only; not contacted,creator,1,"Reopen official route and qualify fit, buying role, timing and readiness before any individually approved contact."
CRE-014,Crypto Casey,creator,Crypto Casey,Global English,B,Casey@CryptoCasey.com,Public official creator contact email,https://cryptocasey.com/help/,https://cryptocasey.com/help/,Crypto basics and scam-awareness education; Accessible history primer could suit beginner collectors,Three historical moments explained using physical cards,Page says free educational content only and no direct-message promotions; commercial availability must be checked; Official page warns about impersonators and identifies the sole email handle,,,,2026-10-08,Verified official email; partnership availability unconfirmed,Research only; not contacted,creator,1,"Reopen official route and qualify fit, buying role, timing and readiness before any individually approved contact."
CRE-015,Coin Bureau / Guy and team,creator,Coin Bureau / Guy and team,Global English; UK-origin brand,B,https://coinbureau.com/contact,Collaboration / general inquiry route,https://coinbureau.com/contact,https://coinbureau.com/about,Broad crypto education and research; Broad crypto-history collection aligns with explainer audience,Milestone-history video integration; sample review,Request recent audience and campaign data; no assumption that a review is purchasable or favourable; Official site has disclaimer and deals pages; contact route accepts collaboration proposals,,,,2026-10-08,Verified official collaboration route,Research only; not contacted,creator,1,"Reopen official route and qualify fit, buying role, timing and readiness before any individually approved contact."
CRE-016,The Defiant / Camila Russo brand,creator,The Defiant / Camila Russo brand,Global English,B,sponsors@thedefiant.io,Dedicated sponsorship email,https://thedefiant.io/contact,https://thedefiant.io/about,DeFi; Ethereum; crypto-native history; Good broader-crypto and Ethereum-history fit,History-of-DeFi segment; founder/art interview,Use sponsorship inbox for commercial terms; do not conflate paid placement and independent coverage; About page says sponsored content is labelled and separated from newsroom work,,,,2026-10-08,Verified official dedicated email,Research only; not contacted,creator,1,"Reopen official route and qualify fit, buying role, timing and readiness before any individually approved contact."
CRE-017,Bankless,creator,Bankless,Global English,B,https://sponsors.bankless.com/,Dedicated sponsor portal,https://sponsors.bankless.com/,https://sponsors.bankless.com/,Crypto-native early adopters; Ethereum and emerging technology; Strong thematic fit; likely a reach-led rather than first-test partner,Host-read physical-collectible segment; history discussion,Portal labels media kit confidential; no gated content accessed or reproduced. Request rate and current audience geography; Public portal describes host-read and produced video ad formats,,,,2026-10-08,Verified public sponsor portal only,Research only; not contacted,creator,1,"Reopen official route and qualify fit, buying role, timing and readiness before any individually approved contact."
CRE-018,TFTC / Marty Bent,creator,TFTC / Marty Bent,US/global English,B,marty@tftc.io,Dedicated advertising email,https://www.tftc.io/advertise,https://www.tftc.io/advertise,Bitcoin builders; miners; founders and operators; Good Bitcoin nostalgia and material-object collector fit,Host-read with physical display; Bitcoin-history conversation,Bitcoin-first and broader commentary format; review recent episode tone and adjacent sponsors before committing; Advertising page explicitly offers native newsletter and host-read placements,,,,2026-10-08,Verified official advertising email,Research only; not contacted,creator,1,"Reopen official route and qualify fit, buying role, timing and readiness before any individually approved contact."
CRE-019,Simply Bitcoin,creator,Simply Bitcoin,Global English,B,https://simplybitcoin.com/contact,Explicit partnerships / sponsorships form,https://simplybitcoin.com/contact,https://simplybitcoin.com/contact,Bitcoin news and enthusiasts; Good visual pack-opening format and enthusiast recognition,Sample unboxing; favourite Bitcoin milestone roundtable,Bitcoin Well publicly announced a commercial sponsorship in 2024: https://bitcoinwell.com/press-releases/bitcoin-well-launches-customer-loyalty-with-simply-bitcoin-partnership-feb-29-2024; keep HISTROVE claims non-financial; Official contact page solicits sponsors and partnerships,,,,2026-10-08,Verified official sponsorship form,Research only; not contacted,creator,1,"Reopen official route and qualify fit, buying role, timing and readiness before any individually approved contact."
CRE-020,The Nifty Show / Joel Comm and Travis Wright,creator,The Nifty Show / Joel Comm and Travis Wright,Global English,B-watch,theniftyshow@gmail.com,Public show email,https://theniftyshow.com/,https://theniftyshow.com/ | https://theniftyshow.com/category/show-notes/,"Official homepage reconfirms theniftyshow@gmail.com. Visible show-note archive has June 2023 entries, and homepage weekly schedule alone does not establish present publishing cadence.",Physical-versus-digital collecting episode; pack opening,"Verify current production and booking before campaign prioritization. Public show email is a general contact, not proof of paid-review acceptance. HISTROVE has no NFT or play-to-earn features.",,,,2026-10-09,Official homepage and show-note archive opened; current 2026 cadence not verified,Research only; not contacted,creator,1,"Resolve the named contact, activity, date or suitability blocker before considering outreach. Reopen official route and qualify fit, buying role, timing and readiness before any individually approved contact."
CRE-021,Edge of Show (formerly Edge of NFT),creator,Edge of Show (formerly Edge of NFT),Global English,B,contact@edgeofnft.com,Public sponsorship / show email,https://edgeofnft.substack.com/p/the-edge-of-nft-newsletter-issue-373,https://www.edgeofnft.com/privacy-policy,Web3; art; gaming; emerging technology; Good art-history and collector-culture crossover,Founder interview; art process feature; approved giveaway,Older sponsorship invitation corroborated by currently accessible official contact footer; confirm current branding and format; Show newsletter discloses sponsored content and affiliate commissions,,,,2026-10-08,Verified public show email; current package confirmation needed,Research only; not contacted,creator,1,"Reopen official route and qualify fit, buying role, timing and readiness before any individually approved contact."
CRE-022,nft now,creator,nft now,Global English,B,https://nftnow.com/contact/,General contact form,https://nftnow.com/contact/,https://nftnow.com/privacy-policy/,NFT artists; collectors; Web3 culture; Good anime-art and historical-collectible audience overlap,Art and design interview; physical culture feature,Editorial pitch is distinct from paid sponsorship; confirm physical-product relevance and current podcast cadence; No bespoke commercial disclosure policy confirmed in checked sources,,,,2026-10-08,Verified official contact page,Research only; not contacted,creator,1,"Reopen official route and qualify fit, buying role, timing and readiness before any individually approved contact."
CRE-023,Unchained / Laura Shin,creator,Unchained / Laura Shin,Global English,B,https://unchainedcrypto.com/contact/,General contact form,https://unchainedcrypto.com/contact/,https://unchainedcrypto.com/,Crypto history; technology; industry interviews; Good researched-history fit; less suited to pure unboxing,Historically sourced founder conversation or clear host-read ad,Independent editorial coverage cannot be promised in exchange for samples or payment; Site separates labelled paid content; policies linked in footer,,,,2026-10-08,Verified official site and form,Research only; not contacted,creator,1,"Reopen official route and qualify fit, buying role, timing and readiness before any individually approved contact."
CRE-024,Zero Knowledge Podcast / Anna Rose and team,creator,Zero Knowledge Podcast / Anna Rose and team,European connections; global English,C,hello@zeroknowledge.fm,Public team email and sponsorship link,https://zeroknowledge.fm/,https://zeroknowledge.fm/,Cryptography; distributed systems; decentralised-web research; Selective fit for technically accurate cypherpunk/history cards,History-of-cryptography discussion; book giveaway if invited,Technical audience; HISTROVE must demonstrate accuracy and research depth; conventional unboxing is low fit; Homepage has Sponsorship Enquiry and Disclosures links,,,,2026-10-08,Verified official email and sponsor-link presence,Research only; not contacted,creator,1,"Resolve the named contact, activity, date or suitability blocker before considering outreach. Reopen official route and qualify fit, buying role, timing and readiness before any individually approved contact."
CRE-025,DécouvreBitcoin / Rogzy,creator,DécouvreBitcoin / Rogzy,France / Francophone,C,contact@decouvrebitcoin.com,Published organisational email,https://help.decouvrebitcoin.fr/mentions-legales/,https://help.decouvrebitcoin.fr/traduction/,Bitcoin fundamentals; interviews and education; Potential French-language history-card education partner,French educational review of selected Bitcoin cards,Older educational site and podcast; confirm current channel / Plan B Network relationship and activity before outreach; Official help footer describes educational content and warns about investment risk,,,,2026-10-08,Verified official email; current brand/activity recheck required,Research only; not contacted,creator,1,"Resolve the named contact, activity, date or suitability blocker before considering outreach. Reopen official route and qualify fit, buying role, timing and readiness before any individually approved contact."
CRE-026,CryptoWendyO / The O Show,creator,CryptoWendyO / The O Show,US/global English,C,CryptoWendyO@protonmail.com,Public show booking email in published show notes,https://podcasts.apple.com/us/podcast/the-o-show-by-crypto-wendy-o/id1522697251,https://www.cryptowendyo.com/ | https://www.cryptowendyo.com/contact | https://podcasts.apple.com/us/podcast/the-o-show-by-crypto-wendy-o/id1522697251,Official website now opens and explicitly invites brands to contact The O Show for agency services and bookings. First-party podcast descriptions publish CryptoWendyO@protonmail.com. Website Contact page exposes only a shell in text retrieval.,Physical-card review or brief history-themed interview,"Email is reconfirmed in published show descriptions, not displayed by the current official contact page; request current booking instructions before using for a campaign. Show covers trading and financial sponsors: keep HISTROVE strictly physical culture, without investment claims. Do not use unverified lookalike accounts or alternate guessed email addresses.",,,,2026-10-09,Official website commercial invitation opened; published Apple show-note email checked; live contact form not exposed,Research only; not contacted,creator,1,"Resolve the named contact, activity, date or suitability blocker before considering outreach. Reopen official route and qualify fit, buying role, timing and readiness before any individually approved contact."
CRE-027,Natalie Brunell / Coin Stories,creator,Natalie Brunell / Coin Stories,US/global English,B,info@talkingbitcoin.com,Public show business email; explicit sponsorship routing in show notes,https://talkingbitcoin.com/podcast,https://talkingbitcoin.com/podcast | https://talkingbitcoin.com/services | https://podcasts.apple.com/us/podcast/natalie-brunells-coin-stories/id1569130932,Official podcast page publishes info@talkingbitcoin.com. Officially linked Apple podcast contains current episodes and explicitly invites sponsorship inquiries at the same address. Services page offers podcast sponsorship rates on request.,Book/history interview or disclosed sample segment,Bitcoin-first fit: disclose broader-crypto subjects. Paid partnerships are disclosed. Sponsorship availability does not guarantee an interview or independent review; request fit and current terms.,,,,2026-10-09,Official podcast page opened; its Apple Podcasts link followed; exact email corroborated in first-party show notes,Research only; not contacted,creator,1,"Reopen official route and qualify fit, buying role, timing and readiness before any individually approved contact."
CRE-028,What Bitcoin Did / Danny Knowles,creator,What Bitcoin Did / Danny Knowles,UK connections; global English,C,,No public business inquiry verified in checked pages,https://www.whatbitcoindid.com/sponsors,https://www.whatbitcoindid.com/home,Current official site names Danny Knowles as host and lists September 2026 episodes. Official Sponsors page lists partner offers but no business inquiry form or email. Search found only old third-party copies of a former general email; these are not treated as current contact verification.,Bitcoin-history conversation with physical card visual accompaniment,"Business route remains unresolved. Do not use outdated Peter McCormack assumptions, email-directory guesses or Nostr/Lightning addresses as email. Current sponsor list is not a solicitation route.",,,,2026-10-09,Official homepage and Sponsors page opened; targeted public search did not establish a current business route,Research only; not contacted,creator,1,"Resolve the named contact, activity, date or suitability blocker before considering outreach. Reopen official route and qualify fit, buying role, timing and readiness before any individually approved contact."
CRE-029,Once Bitten / Daniel Prince,creator,Once Bitten / Daniel Prince,UK/European connections; English,C,,No public business inquiry verified in checked pages,https://www.once-bitten.com/about,https://www.once-bitten.com/,Official Once Bitten homepage and About page confirm Daniel Prince and the education/story format. No public business email or contact form was visible. Search surfaced namesakes and unreliable directory contacts; none adopted.,Favourite Bitcoin-history moment interview; book discussion,Business route remains unresolved. Avoid unrelated Daniel Prince journalists/authors and directory-derived addresses. Official site retains older material; current activity and commercial terms need separate verification.,,,,2026-10-09,Official homepage and About page opened; targeted public search did not establish a business route,Research only; not contacted,creator,1,"Resolve the named contact, activity, date or suitability blocker before considering outreach. Reopen official route and qualify fit, buying role, timing and readiness before any individually approved contact."
CRE-030,Finematics / Jakub,creator,Finematics / Jakub,Global English; European creator,C,https://finematics.com/contact/,Contact form with explicit commercial-policy limits,https://finematics.com/contact/,https://finematics.com/about/,DeFi and cryptocurrency explanations; Excellent education fit but a paid product review conflicts with published policy,Only explore a genuinely aligned educational explainer; no paid-review pitch,Do not treat availability of form as willingness to promote HISTROVE; educational collaboration is exploratory; Explicitly declines sponsored project reviews; aligned established-project explainer work may be considered,,,,2026-10-08,Verified official form and restrictive policy,Research only; not contacted,creator,1,"Resolve the named contact, activity, date or suitability blocker before considering outreach. Reopen official route and qualify fit, buying role, timing and readiness before any individually approved contact."
CRE-031,CriptoNoticias,creator,CriptoNoticias,Latin America / Spanish-speaking audience,A,publicidad@criptonoticias.com,Public advertising email,https://www.criptonoticias.com/publicidad/,https://www.criptonoticias.com/publicidad/,"Spanish Bitcoin/crypto education publisher offers newsletter sponsorship, educational tutorials, sponsored reports and social formats.",Pitch a clearly labelled visual history feature showing physical anime-styled cards and the companion book.,Paid and editorial routes must remain distinct; audience figures are publisher claims; ask current quote and verify Spanish fulfilment before campaign.,,,Not applicable,2026-10-09,Official page opened and relevant content/contact inspected,Research only; not contacted,Media,2,"Verify current route and whether this audience or buyer accepts external physical history products; confirm language, fulfilment and commercial readiness."
CRE-032,Cripto247,creator,Cripto247,Latin America / Spanish-speaking audience,B,info@cripto247.com,Public commercial email,https://www.cripto247.com/comunidad/comunica-tu-proyecto-cripto-con-nosotros,https://www.cripto247.com/comunidad/comunica-tu-proyecto-cripto-con-nosotros,"Publisher explicitly invites tailored campaigns including interviews, sponsored content and videos; education is part of its coverage.",Offer a physical-object-led explanation of crypto history using card art and the book.,Commercial enquiry article dates to July 2023 although still live; obtain current media kit and rates. Coverage is not guaranteed.,,,Not applicable,2026-10-09,Official page opened and relevant content/contact inspected,Research only; not contacted,Media,2,"Verify current route and whether this audience or buyer accepts external physical history products; confirm language, fulfilment and commercial readiness."
CRE-033,BitcoinAfrica.io,creator,BitcoinAfrica.io,Pan-African,C,info@bitcoinafrica.io,Public advertising email,https://bitcoinafrica.io/advertise-with-us/,https://bitcoinafrica.io/advertise-with-us/,"Official indexed advertising page offers sponsored posts, press releases, banners and newsletter promotions.",Evaluate a clearly labelled crypto-history collectible feature for African readers after verifying current activity and reach.,"Direct page retrieval failed repeatedly. Published prices/audience are undated and must be reconfirmed; reserve lead, not campaign-ready.",,,Not applicable,2026-10-09,Official search result only; direct official URL open attempted twice and www variant failed; needs fresh contact/activity validation,Research only; not contacted,Media,2,"Resolve the named contact, activity, date or suitability blocker before considering outreach. Verify current route and whether this audience or buyer accepts external physical history products; confirm language, fulfilment and commercial readiness."
CRE-034,cryptograffiti,creator,cryptograffiti,Global English; geography unverified,B,info@cryptograffiti.com,Public professional artist inquiry email,https://cryptograffiti.com/,https://cryptograffiti.com/ | https://cryptograffiti.com/pages/about-us,"Official artist site publishes contact email and physical Bitcoin-themed work including Running bitcoin, Genesis Address and Silk Road. About page explains using art to make complex Bitcoin subjects understandable.",Artist-to-artist history discussion or collector-feedback request on physical card illustration.,"Artist collaboration prospect, not a verified advertising inventory seller. Ask relevance and interest; no artwork reuse, endorsement, licensing or favourable review assumed. Bitcoin-first fit.",,,,2026-10-09,Official public pages opened; no outreach,Research only; not contacted,creator,2,"Verify current route and whether this audience or buyer accepts external physical history products; confirm language, fulfilment and commercial readiness."
CRE-035,VESA / Art For Crypto,creator,VESA / Art For Crypto,Global; English,B,https://www.artforcrypto.com/contact,Official artist/business inquiry form,https://www.artforcrypto.com/contact,https://www.artforcrypto.com/contact | https://www.artforcrypto.com/renaissance,"Official contact form has name, email, subject and message fields and offers a discovery conversation. Art For Crypto describes physical artwork, crypto art products and collaborations.","Physical crypto-history art conversation, creative-process feature, or collector feedback.","Artist/consultant rather than proven pack-review channel. Separate HISTROVE from VESA’s NFT, metaverse and investment offers; no financial or revenue rights. Older contact-page crawl; recheck live form before use.",,,,2026-10-09,Official public pages opened; no outreach,Research only; not contacted,creator,2,"Verify current route and whether this audience or buyer accepts external physical history products; confirm language, fulfilment and commercial readiness."
CRE-036,The Bitcoin Matrix / Cedric Youngelman,creator,The Bitcoin Matrix / Cedric Youngelman,USA / global English,B,info@thebitcoinmatrix.com,Official show inquiry email; sponsor pathway,https://thebitcoinmatrix.com/contact/,https://thebitcoinmatrix.com/contact/ | https://thebitcoinmatrix.com/sponsors/ | https://thebitcoinmatrix.com/episodes/,"Official contact publishes info@thebitcoinmatrix.com and identifies Cedric Youngelman as host. Show discusses social, cultural and philosophical implications; sponsor page has Advertise With Us invitation.",Founder discussion about preserving Bitcoin history through art and the companion book.,Sponsor page retains placeholder sponsor descriptions; do not rely on its sample categories or assume availability/rates. Bitcoin-first audience requires broader-crypto fit check. Paid placement and editorial selection remain distinct.,,,,2026-10-09,Official public pages opened; no outreach,Research only; not contacted,creator,2,"Verify current route and whether this audience or buyer accepts external physical history products; confirm language, fulfilment and commercial readiness."
CRE-037,THE Bitcoin Podcast / Walker,creator,THE Bitcoin Podcast / Walker,Global English; geography unverified,C,hello@bitcoinpodcast.net,Explicit sponsor email with Bitcoin-only restriction,https://bitcoinpodcast.net/sponsor,https://bitcoinpodcast.net/sponsor | https://bitcoinpodcast.net/about-us | https://podcasts.apple.com/us/podcast/the-bitcoin-podcast/id1694392423,Official sponsor page invites Bitcoin-only companies and publishes hello@bitcoinpodcast.net. Current first-party show feed has September 2026 episodes; interviews/readings provide history discussion format.,History-and-culture interview or physical-book segment only if broader-crypto product is accepted.,Explicit Bitcoin-only-company criterion may disqualify HISTROVE. Do not pitch sponsorship as qualified without transparently checking mixed-crypto scope. Editorial fit is exploratory. Review blunt/profane brand tone.,,,,2026-10-09,Official public pages opened; no outreach,Research only; not contacted,creator,2,"Resolve the named contact, activity, date or suitability blocker before considering outreach. Verify current route and whether this audience or buyer accepts external physical history products; confirm language, fulfilment and commercial readiness."
CRE-038,Generation Bitcoin / Matt James,creator,Generation Bitcoin / Matt James,Global English; geography unverified,C,mattjamesbtc@protonmail.com,Explicit sponsorship / media / guest email,https://genbtc.com/,https://genbtc.com/,"Official homepage introduces Bitcoin interview show, links merchandise including canvas art, and explicitly publishes mattjamesbtc@protonmail.com for sponsorship, media and guest requests.",Small specialist interview about historical milestones with a physical-card/book demonstration.,Public site still links retired podcast platforms; current publishing cadence must be confirmed before spending or prioritizing. Bitcoin-first fit; no verified audience figures or rate card.,,,,2026-10-09,Official public pages opened; no outreach,Research only; not contacted,creator,2,"Resolve the named contact, activity, date or suitability blocker before considering outreach. Verify current route and whether this audience or buyer accepts external physical history products; confirm language, fulfilment and commercial readiness."
CRE-039,Timechain Art Magazine / Bitcoin Art Podcast,creator,Timechain Art Magazine / Bitcoin Art Podcast,Global English; geography unverified,B-watch,https://timechainartmagazine.com/contact/,Official contact page; JavaScript form needs live check,https://timechainartmagazine.com/contact/,https://timechainartmagazine.com/contact/ | https://timechainartmagazine.com/ | https://timechainartmagazine.com/podcast/,"Independent Bitcoin art publication sells collectible books and archival prints; September 2026 podcast covers making Bitcoin physical. Its artist list includes Bitcoin Trading Cards, a particularly close collector crossover. Official contact page exists but extracted form requires JavaScript.",Craftsmanship and visual-history feature or conversation with physical-art collectors.,"Excellent thematic fit but contact form actionability still unresolved. Existing Bitcoin Trading Cards relationship may create conflict; disclose HISTROVE’s broader-crypto scope. Published return-policy inbox is support-specific, so do not use it as a verified partnerships route.",,,,2026-10-09,Official public pages opened; no outreach,Research only; not contacted,creator,2,"Resolve the named contact, activity, date or suitability blocker before considering outreach. Verify current route and whether this audience or buyer accepts external physical history products; confirm language, fulfilment and commercial readiness."
