id,name,category,account_group,region,priority,contact,contact_type,contact_source,evidence_sources,evidence,proposed_angle_inference,cautions,next_event_start,next_event_end,event_status,verified_on,source_validation,outreach_status
COM-001,BitBox,company,BitBox,Switzerland,A,https://contact.bitbox.swiss,Official B2B contact form,https://contact.bitbox.swiss,https://contact.bitbox.swiss | https://support.bitbox.swiss/how-to-contact-bitbox-support,"Official support explicitly accepts business, reseller, partnership and other B2B inquiries; ecosystem includes educators.",Self-custody education companion or community gift,"Support is explicitly authorized to route B2B, but buying owner is unverified. Contact form has CAPTCHA and terms.",,,,2026-10-08,Official page opened plus official search-result text; no form submitted,Research only; not contacted
COM-002,Bitpanda,company,Bitpanda,Austria / Switzerland / Europe,A,https://www.group.bitpanda.com/partners,Marketing/tailored partnership contact CTA,https://www.group.bitpanda.com/partners,https://www.group.bitpanda.com/partners | https://www.bitpanda.com/en/partnership,Official group page explicitly invites marketing and cultural collaborations and tailored proposals.,Culture-led community gift or staff launch pack,"Buyer budget, procurement owner and willingness to buy HISTROVE are unverified.",,,,2026-10-08,Official page opened plus official search-result text; no form submitted,Research only; not contacted
COM-003,Blockstream,company; retail,Blockstream,Global; country unverified in cited page,A,Enterprise_team@blockstream.com | store form: https://store.blockstream.com/pages/contact,Business & Sales email,https://blockstream.com/contact/,https://blockstream.com/contact/ | https://help.blockstream.com/ | https://store.blockstream.com/,Official contact offers business collaboration; official product pages list Jade and Bitcoin education. Store also offers art and collaborations.,Bitcoin-history sample presentation for Jade community or staff,"Bitcoin-first fit; broader Season 1 subjects need editorial screening. Enterprise team may need marketing referral. Store route is general, not a supplier-intake invitation.",,,,2026-10-08,Official page opened plus official search-result text; no form submitted,Research only; not contacted
COM-004,CoinJar,company,CoinJar,UK / Australia,A,https://www.coinjar.com/global/partners,Partnerships form,https://www.coinjar.com/global/partners,https://www.coinjar.com/global/partners | https://www.coinjar.com/enquiries,Official partners page invites proposals and says its Partnerships Team will respond.,Community reward or onboarding event pack,"Buyer budget, procurement owner and willingness to buy HISTROVE are unverified.",,,,2026-10-08,Official page opened plus official search-result text; no form submitted,Research only; not contacted
COM-005,Crypto.com,company,Crypto.com,Global; country unverified in cited page,A,https://crypto.com/en/about/,Partnership CTA on About page,https://crypto.com/en/about/,https://crypto.com/en/about/ | https://crypto.com/en/partners/,"Official partners page lists F1, UEFA, UFC and arena activations; About page has Become a Partner CTA.",Sports-linked fan/community gift or staff pack,Partnership CTA destination needs checking before outreach; no assumption that large sponsorship budgets fund collectibles.,,,,2026-10-08,Official page opened plus official search-result text; no form submitted,Research only; not contacted
COM-006,Kraken,company,Kraken,Global; UK/Europe target market,A,https://support.kraken.com/articles/4410362151828-business-inquiries,Marketing/sponsorship link on business inquiries page,https://support.kraken.com/articles/4410362151828-business-inquiries,https://support.kraken.com/articles/4410362151828-business-inquiries,"Business inquiries article updated 1 October 2026 explicitly routes marketing, content and sponsorship initiatives.",Crypto-history activation or employee gift,Email masked by web renderer; use official page link and verify displayed destination before outreach. Buyer budget unverified.,,,,2026-10-08,Official page opened plus official search-result text; no form submitted,Research only; not contacted
COM-007,Ledger,company,Ledger,France,A,https://www.ledger.com/co-branded-partnership,Co-branded partnership form; request appropriate marketing referral,https://www.ledger.com/co-branded-partnership,https://www.ledger.com/co-branded-partnership | https://www.ledger.com/collaborations,"Official site markets customized hardware and packaging for community, partners and employees; collaborations page includes cultural collectible partnerships.",History pack bundled with physical community/employee gifts,Form primarily sells Ledger customization; not a verified external merchandise procurement inbox. HISTROVE quantities/prices are not Ledger advertised MOQs.,,,,2026-10-08,Official page opened plus official search-result text; no form submitted,Research only; not contacted
COM-008,OneKey,company,OneKey,Global; country unverified in cited page,A,https://help.onekey.so/en/articles/13405885-looking-for-collaboration,Web3 marketing partnership form via official guide,https://help.onekey.so/en/articles/13405885-looking-for-collaboration,https://help.onekey.so/en/articles/13405885-looking-for-collaboration | https://gr4yl99ujhl.typeform.com/to/LUH0UVBX,"Official collaboration guide explicitly discusses corporate gifts, community merchandise and event giveaways, plus marketing collaborations.",Physical collectible collaboration or event giveaway,Co-branding and bulk purchase routes sell OneKey products; use Web3 Partnerships for HISTROVE proposal. No assumed buying commitment.,,,,2026-10-08,Official page opened plus official search-result text; no form submitted,Research only; not contacted
COM-009,Relai,company,Relai,Switzerland / France,A,https://relai.app/partner/,Interested in a Partnership contact CTA,https://relai.app/partner/,https://relai.app/partner/,Official partners page includes Bitcoin educators and authors and invites partnership proposals.,Bitcoin education/community gift,Bitcoin-only audience: show representative Bitcoin history cards and check broader-crypto content fit before pitching.,,,,2026-10-08,Official page opened plus official search-result text; no form submitted,Research only; not contacted
COM-010,Tangem,company,Tangem,Switzerland,A,partnerships@tangem.com,Partnership email,https://tangem.com/en/contacts/,https://tangem.com/en/contacts/ | https://tangem.com/en/blog/post/digest-september-2023/,Official contact page separately lists Partnership and Sales & Resellers teams; company address is Zug.,Collectible-card companion for wallet community activations,"Buyer budget, procurement owner and willingness to buy HISTROVE are unverified.",,,,2026-10-08,Official page opened plus official search-result text; no form submitted,Research only; not contacted
COM-011,The Sandbox,company,Animoca Brands group,Global; Europe target market,A,https://www.sandbox.game/en/partnerships/,Partnership form,https://www.sandbox.game/en/partnerships/,https://www.sandbox.game/en/partnerships/ | https://docs.sandbox.game/en/about/partnerships,"Official docs explicitly welcome collaboration proposals and connect artists, collectors and crypto enthusiasts.",Physical collectible pack for creator/community events,Digital platform: qualify interest in physical activations. Animoca group relationship means coordinate ownership.,,,,2026-10-08,Official page opened plus official search-result text; no form submitted,Research only; not contacted
COM-012,Wintermute,company,Wintermute,UK / Singapore,A,https://www.wintermute.com/contact,Events or Other contact route,https://www.wintermute.com/contact,https://www.wintermute.com/contact,Official contact page has specific Events and Other routing; identifies UK trading entity.,Crypto-native team gift or event guest pack,"Buyer budget, procurement owner and willingness to buy HISTROVE are unverified. Direct page recheck required before outreach.",,,,2026-10-08,Official indexed search-result text only; direct page opens failed twice,Research only; not contacted
COM-013,Wirex,company,Wirex,Global; UK/Europe target market,A,marketing@wirexapp.com; partners@wirexapp.com,Marketing / partnerships email,https://www.wirexapp.com/,https://www.wirexapp.com/,Official homepage lists distinct partners and marketing role addresses and crypto card products.,Loyalty community gift or employee pack,"Buyer budget, procurement owner and willingness to buy HISTROVE are unverified.",,,,2026-10-08,Official page opened plus official search-result text; no form submitted,Research only; not contacted
COM-014,21shares,company,21shares,Switzerland,B,info@21shares.com,General enquiries email,https://www.21shares.com/en-eu/contact-us,https://www.21shares.com/en-eu/contact-us,EU contact page provides Zurich address and general enquiry email.,Staff or adviser education-event pack,Financial product business; gift acceptance and procurement owner must be checked.,,,,2026-10-08,Official page opened plus official search-result text; no form submitted,Research only; not contacted
COM-015,Animoca Brands,company,Animoca Brands group,Hong Kong / Australia,B,https://www.animocabrands.com/contact,Business partnerships via Work with us link,https://www.animocabrands.com/contact,https://www.animocabrands.com/contact | https://www.animocabrands.com/press-kit,Official press kit describes digital asset/game ecosystem; contact page routes business partnerships to Work with us.,Collectible culture employee or portfolio-event gift,Group includes The Sandbox; coordinate proposals to avoid duplicate group-level outreach.,,,,2026-10-08,Official page opened plus official search-result text; no form submitted,Research only; not contacted
COM-016,B2C2,company,B2C2,UK,B,https://www.b2c2.com/contact-us,Team-select contact form,https://www.b2c2.com/contact-us,https://www.b2c2.com/contact-us | https://www.b2c2.com/about,Contact page lists London HQ and global offices; official about page emphasizes crypto-native technology.,Crypto-native staff or partner event gift,"marketing@b2c2.com is explicitly for media, not a verified sales-pitch inbox. Form may be trading-focused; request referral.",,,,2026-10-08,Official page opened plus official search-result text; no form submitted,Research only; not contacted
COM-017,BCB Group,company,BCB Group,UK,B,https://www.bcbgroup.com/contact-us/?_hsmi=2,Business contact form,https://www.bcbgroup.com/contact-us/?_hsmi=2,https://www.bcbgroup.com/contact-us/?_hsmi=2 | https://www.bcbgroup.com/en-fr/terms-of-use/,Official contact page invites business enquiries; legal page identifies London registered office.,Team or client education-event gift,Commercial form sells BCB services; seek marketing/people referral.,,,,2026-10-08,Official page opened plus official search-result text; no form submitted,Research only; not contacted
COM-018,Bitget,company,Bitget,Global; country unverified in cited page,B,https://www.bitget.com/promotion/contact-us,Business inquiries button,https://www.bitget.com/promotion/contact-us,https://www.bitget.com/promotion/contact-us,Current official Contact Us page explicitly offers business inquiries for partnerships and collaborations.,Community campaign prize or staff gift,Do not use older BD emails without rechecking. Campaign compliance and geographic audience must be qualified. Verify Business inquiries button in browser before outreach.,,,,2026-10-08,Official search-result text for business button; direct page opened but only page shell rendered,Research only; not contacted
COM-019,Bitonic,company,Bitonic,Netherlands,B,contact@bitonic.nl,General email or contact form,https://bitonic.nl/nl/contact,https://bitonic.nl/nl/contact | https://bitonic.nl/nl/,Official site describes itself as first Bitcoin company in the Netherlands; contact page publishes Amsterdam address.,Bitcoin heritage community/event pack,General inbox also handles customer support; request marketing referral. Bitcoin-only editorial fit matters.,,,,2026-10-08,Official page opened plus official search-result text; no form submitted,Research only; not contacted
COM-020,Bitstamp by Robinhood,company,Robinhood / Bitstamp,Europe / UK target market,B,partners@bitstamp.net,Institutional partnership email; referral only,https://www.bitstamp.net/api/,https://www.bitstamp.net/api/ | https://blog.bitstamp.net/post/navigating-the-crypto-industry-choosing-reliable-partners/,Official institutional material emphasizes long-running crypto history and publishes partners inbox.,Industry-heritage staff or partner gift,Email currently published for data licensing; not verified merchandise marketing route. Account owned by Robinhood; avoid duplicate parent outreach.,,,,2026-10-08,Official page opened plus official search-result text; no form submitted,Research only; not contacted
COM-021,Bitwise Europe,company,Bitwise Europe,UK / Germany,B,europe@bitwiseinvestments.com,General and press enquiries email,https://bitwiseinvestments.eu/contacts/,https://bitwiseinvestments.eu/contacts/ | https://bitwiseinvestments.eu/faq/,Official contact page lists London and Frankfurt teams and general/press email.,Crypto-history employee or adviser-event pack,"Buyer budget, procurement owner and willingness to buy HISTROVE are unverified.",,,,2026-10-08,Official page opened plus official search-result text; no form submitted,Research only; not contacted
COM-022,BVNK,company,BVNK,UK / global,B,https://www.bvnk.com/contact,Business contact form,https://www.bvnk.com/contact,https://www.bvnk.com/contact | https://www.bvnk.com/newsroom,"Official contact form asks about business needs; newsroom describes team across UK, US, Europe and Africa.",Employee onboarding or partner-event gift,Sales form not verified procurement. press@bvnk.com is media only.,,,,2026-10-08,Official page opened plus official search-result text; no form submitted,Research only; not contacted
COM-023,Circle,company,Circle,Global; US target market,B,https://www.circle.com/contact/partner,Partner contact form,https://www.circle.com/contact/partner,https://www.circle.com/contact/partner | https://www.circle.com/contact-us,Official contact page routes Alliance Program and partnership use cases.,Employee gift or developer/community event pack,Circle partnerships focus on financial infrastructure; merchandise buying owner unverified.,,,,2026-10-08,Official page opened plus official search-result text; no form submitted,Research only; not contacted
COM-024,CoinCorner,company,CoinCorner,Isle of Man / UK,B,https://www.coincorner.com/about,Unresolved business contact; official about page links customer support,https://www.coincorner.com/about,https://www.coincorner.com/about,"Official about page emphasizes public talks, podcasts and education, with Isle of Man and London locations.",Bitcoin education and local event pack,Only customer support routing verified; find marketing/events introduction before sending a sales pitch. Bitcoin-only audience. Direct page recheck required before outreach.,,,,2026-10-08,Official indexed search-result text only; direct page opens failed twice,Research only; not contacted
COM-025,CoinShares,company,CoinShares,Jersey / UK / France,B,enquiries@coinshares.com,General company email / contact form,https://investor.coinshares.com/contact,https://investor.coinshares.com/contact | https://investor.coinshares.com/press,"Official contact page lists London, Paris and Jersey offices; current press page publishes company enquiries inbox.",Employee or education-event gift,"Buyer budget, procurement owner and willingness to buy HISTROVE are unverified.",,,,2026-10-08,Official page opened plus official search-result text; no form submitted,Research only; not contacted
COM-026,Consensys,company,Consensys,Global; US/Europe target market,B,https://consensys.io/academy/partnerships,Academy partnership Email Us link,https://consensys.io/academy/partnerships,https://consensys.io/academy/partnerships | https://consensys.io/company,Official Academy partnership page offers employee training and content collaboration.,Employee onboarding or educational workshop pack,Academy route sells/licenses training; external physical product fit unverified. Email not decoded or guessed.,,,,2026-10-08,Official page opened plus official search-result text; no form submitted,Research only; not contacted
COM-027,Copper,company,Copper,Switzerland / UK target market,B,hello@copper.co,General business email,https://copper.co/,https://copper.co/,"Official site serves exchanges, foundations, funds and miners and lists a general business inbox.",Team appreciation or institutional event gift,No merchandise buying owner verified; recipient gift policies may limit client gifts.,,,,2026-10-08,Official page opened plus official search-result text; no form submitted,Research only; not contacted
COM-028,Elliptic,company,Elliptic,UK,B,https://www.elliptic.co/contact/,General enquiries form,https://www.elliptic.co/contact/,https://www.elliptic.co/contact/ | https://www.elliptic.co/privacy-notice/,Official company describes crypto compliance analytics; general enquiry form accepts non-support inquiries.,Staff onboarding or crypto-history learning pack,"Buyer budget, procurement owner and willingness to buy HISTROVE are unverified.",,,,2026-10-08,Official page opened plus official search-result text; no form submitted,Research only; not contacted
COM-029,Fireblocks,company,Fireblocks,Global; country unverified in cited page,B,info@fireblocks.com,General business email or partner form,https://www.fireblocks.com/solutions/partners,https://www.fireblocks.com/solutions/partners,Official partner page describes digital-asset business network and provides partner application plus general inbox.,Staff onboarding or ecosystem event gift,"Partner form is technology/services oriented, not merchandise buying. Use general referral first.",,,,2026-10-08,Official page opened plus official search-result text; no form submitted,Research only; not contacted
COM-030,Flowdesk,company,Flowdesk,France,B,https://www.flowdesk.co/company,Official company contact CTA; buyer route unresolved,https://www.flowdesk.co/company,https://www.flowdesk.co/company | https://www.flowdesk.co/legal/terms-of-use,Official company page describes technology trading business and publishes Paris entity address in terms.,Employee gift or partner-event pack,"Do not use legal, privacy, complaints or whistleblowing inboxes for sales. No marketing email verified.",,,,2026-10-08,Official page opened plus official search-result text; no form submitted,Research only; not contacted
COM-031,GSR,company,GSR,UK / Singapore / US,B,https://www.gsr.io/contact-us,Business form; referral needed,https://www.gsr.io/contact-us,https://www.gsr.io/contact-us,Official contact page offers general business form; site publishes market research and podcast.,Employee gift or institutional community event pack,Form is trading-oriented; marketing@gsr.io is explicitly for media queries. Do not treat that email as procurement.,,,,2026-10-08,Official page opened plus official search-result text; no form submitted,Research only; not contacted
COM-032,Improbable,company,Improbable,UK,B,https://www.improbable.io/,Contact CTA on official homepage,https://www.improbable.io/,https://www.improbable.io/ | https://www.improbable.io/about-us,"Official about page describes Cambridge origins, Web3 ventures and live digital community experiences.",Studio staff or portfolio community gift,Contact is primarily venture-building; no merchandise buying owner verified.,,,,2026-10-08,Official page opened plus official search-result text; no form submitted,Research only; not contacted
COM-033,Kaiko,company,Kaiko,France / US / global,B,https://www.kaiko.com/about-kaiko/partnerships,Partnership form,https://www.kaiko.com/about-kaiko/partnerships,https://www.kaiko.com/about-kaiko/partnerships | https://agora.kaiko.com/events/cannes-2026,Official partnership page invites proposals; The Agora Cannes 2026 page documents a physical industry gathering.,Research-team gift or institutional event delegate pack,Partnerships are mainly data/infrastructure; merchandise buyer unverified. Do not count Amberdata separately due to acquisition.,,,,2026-10-08,Official page opened plus official search-result text; no form submitted,Research only; not contacted
COM-034,Keyrock,company,Keyrock,Belgium / UK / France,B,https://keyrock.com/contact/,General business contact form,https://keyrock.com/contact/,https://keyrock.com/contact/,"Official contact page lists Brussels, London and Paris offices and provides partnership-facing contact form.",Team culture or ecosystem meetup pack,"Buyer budget, procurement owner and willingness to buy HISTROVE are unverified.",,,,2026-10-08,Official page opened plus official search-result text; no form submitted,Research only; not contacted
COM-035,Mercuryo,company,Mercuryo,UK / Cyprus / global,B,sales@mercuryo.io,Business sales form/email; marketing referral,https://mercuryo.io/get-in-touch,https://mercuryo.io/get-in-touch | https://www.mercuryo.io/about,"Official about page lists London and other offices, marketing and partnership functions; contact page publishes sales inbox.",Employee gift or partner-event pack,Sales team sells payment tools; ask for marketing/people team referral.,,,,2026-10-08,Official page opened plus official search-result text; no form submitted,Research only; not contacted
COM-036,Ripple,company,Ripple,Global; US/UK target market,B,https://ripple.com/contact/,Partnership Team contact CTA,https://ripple.com/contact/,https://ripple.com/contact/,"Official contact page separates Sales, Press and Partnership teams.",Employee or ecosystem-event collectible gift,Specific partnership categories and merchandise buyer still need qualification.,,,,2026-10-08,Official page opened plus official search-result text; no form submitted,Research only; not contacted
COM-037,SwissBorg,company,SwissBorg,Switzerland / Europe target market,B,https://swissborg.com/blog/pegasus-swissborg-most-exclusive-club,Unresolved marketing contact; corporate-account email is not merchandise buying,https://swissborg.com/blog/pegasus-swissborg-most-exclusive-club,https://swissborg.com/blog/pegasus-swissborg-most-exclusive-club | https://swissborg.com/corporate-account,Official Pegasus 2026 page discusses exclusive events and exploring lifestyle partnerships.,Premium community member gift,Only corporate@swissborg.com for account questions and an old 2022 named press contact surfaced; neither treated as verified marketing buyer.,,,,2026-10-08,Official page opened plus official search-result text; no form submitted,Research only; not contacted
COM-038,Trezor,company,Trezor,Czech Republic,B,https://trezor.io/other/partner-portal,Partner portal; route suitability needs checking,https://trezor.io/other/partner-portal,https://trezor.io/other/partner-portal | https://trezor.io/documents/trezor_website_terms_of_use.pdf,Official partner portal supports reseller and affiliate ecosystem.,Self-custody community or employee gift,"Portal is primarily reseller/affiliate oriented, not verified gift procurement. General corporate address supported by terms.",,,,2026-10-08,Official page opened plus official search-result text; no form submitted,Research only; not contacted
COM-039,Zodia Custody,company,Zodia Custody,UK,B,https://zodia-custody.com/about-us/,Get in touch link; email masked in renderer,https://zodia-custody.com/about-us/,https://zodia-custody.com/about-us/,Official about page identifies London HQ and people leadership; lists a Get in touch channel.,Employee onboarding or partner-event gift,Verify email destination before sending; financial institution gift policies and buyer owner unverified.,,,,2026-10-08,Official page opened plus official search-result text; no form submitted,Research only; not contacted
COM-040,BitPay,company,BitPay,Global; US target market,C,https://www.bitpay.com/contact-sales,Business account sales form; referral only,https://www.bitpay.com/contact-sales,https://www.bitpay.com/contact-sales | https://www.bitpay.com/business,Official business page supports commerce and in-store crypto payments.,Crypto commerce milestone or employee gift,"Form is for buying BitPay services, not merchandise procurement.",,,,2026-10-08,Official page opened plus official search-result text; no form submitted,Research only; not contacted
COM-041,Bitvavo,company,Bitvavo,Netherlands,C,https://www.bitvavo.com/en/institutional,Institutional contact CTA; buyer route unresolved,https://www.bitvavo.com/en/institutional,https://www.bitvavo.com/en/institutional | https://support.bitvavo.com/hc/en-us/sections/21953616461457-Contact-feedback-and-requests,Official institutional page serves corporates and financial institutions; help page lists Amsterdam address.,European community or team gift,Institutional sales channel sells trading services; marketing procurement not verified. Do not use support as bulk-sales inbox.,,,,2026-10-08,Official page opened plus official search-result text; no form submitted,Research only; not contacted
COM-042,Coinbase,company,Coinbase,Global; US/UK target market,C,https://www.coinbase.com/press,Unresolved marketing procurement contact; press only found,https://www.coinbase.com/press,https://www.coinbase.com/press | https://help.coinbase.com/en/coinbase/other-topics/cb-affiliate-program,Official press site verifies company and mission; affiliate programme exists but serves customer acquisition.,Staff or community crypto-history gift,press@coinbase.com is press only; do not pitch gifts to support or falsely apply as affiliate.,,,,2026-10-08,Official page opened plus official search-result text; no form submitted,Research only; not contacted
COM-043,NGRAVE,company,NGRAVE,Belgium target market; location recheck,C,https://ngrave.io/en/contact,Unresolved business contact; support only verified,https://ngrave.io/en/contact,https://ngrave.io/en/contact,Official contact page supports physical product customers and use/care guidance.,Premium self-custody gift companion,"support@ngrave.io is customer support, not a verified partnerships route. Country not established by cited contact page.",,,,2026-10-08,Official page opened plus official search-result text; no form submitted,Research only; not contacted
COM-044,Pocket Bitcoin,company,Pocket Bitcoin,Switzerland target market; location recheck,C,https://pocketbitcoin.com/developers,Developer collaboration contact CTA,https://pocketbitcoin.com/developers,https://pocketbitcoin.com/developers | https://pocketbitcoin.com/blog/posts/security-incident-update,Official developer page invites projects and offers Bitcoin purchase integrations.,Bitcoin education/community gift,Integration sales route is not gift procurement; current marketing/business owner needs verification.,,,,2026-10-08,Official page opened plus official search-result text; no form submitted,Research only; not contacted
COM-045,Ramp Network,company,Ramp Network,UK / Europe target market,C,https://rampnetwork.com/contact-sales,Contact-sales form; integration-oriented,https://rampnetwork.com/contact-sales,https://ramp.network/contact-sales | https://ramp.network/token-integration | https://rampnetwork.com/contact-sales,"Official token integration page describes co-marketing through social, email and blogs.",Developer-community or partner event pack,Official old domain redirects to rampnetwork.com; integration sales route is not verified merchandise procurement.,,,,2026-10-08,Official page opened plus official search-result text; no form submitted,Research only; not contacted
COM-046,Transak,company,Transak,Global; UK target market,C,https://docs.transak.com/getting-started/help-and-support,Talk to Sales link in official guide,https://docs.transak.com/getting-started/help-and-support,https://docs.transak.com/getting-started/help-and-support,Official docs provide Talk to Sales and distinguish existing-partner integration support.,Developer-event or employee gift,Integration sales not merchandise procurement; existing-partner support requires KYB-approved account and is inappropriate for cold pitch.,,,,2026-10-08,Official page opened plus official search-result text; no form submitted,Research only; not contacted
CRE-001,Joe Nakamoto (Joe Hall),creator,Joe Nakamoto (Joe Hall),UK/European connections; global English,A,https://www.joenakamoto.com/#contact,Explicit collaboration form,https://www.joenakamoto.com/,https://www.joenakamoto.com/,Bitcoin adoption and human stories; Strong: turns Bitcoin milestones into accessible human stories,Short history film using selected cards; sample-pack unboxing,Site also promotes Bitcoin-backed loans and banking; keep HISTROVE segment focused on physical culture; Site discloses media sponsors and affiliate commissions,,,,2026-10-08,Verified official site and form,Research only; not contacted
CRE-002,The Bitcoin Collective / Jordan Walker,creator,The Bitcoin Collective / Jordan Walker,UK; English,A,hello@bitcoincollective.co,General business/editorial email,https://bitcoincollective.co/contact,https://bitcoincollective.co/,Plain-English Bitcoin education; UK Bitcoin community; Strong local fit; history cards make an approachable educational hook,Founder conversation and illustrated Bitcoin-history feature,Confirm comfort with a collection covering broader crypto history; Site states Bitcoin-only; no price predictions,,,,2026-10-08,Verified official site and published email,Research only; not contacted
CRE-003,NFT Culture,creator,NFT Culture,Global English,A,pr@nftculture.com,Public PR business inbox,https://www.nftculture.com/about/,https://www.nftculture.com/,Artists; collectors; physical-digital collecting culture; Especially strong: homepage covers Azuki TCG and physical card-opening rituals,Art-direction interview; pack-opening feature; collector giveaway,Explain that HISTROVE is physical cards and book; do not imply NFT or token utility; Commercial promotion services and media kit offered on About page,,,,2026-10-08,Verified official site and published email,Research only; not contacted
CRE-004,BTC Sessions / Ben Perrin,creator,BTC Sessions / Ben Perrin,Canada/global English,A,https://www.btcsessions.ca/contact,Dedicated sponsorship form,https://www.btcsessions.ca/contact,https://www.btcsessions.ca/,Bitcoin tutorials; self-custody; community; Strong tangible-product audience and tutorial format,Desk-based sample unboxing plus three historical events,Bitcoin-only positioning; confirm broader-crypto collection fit. Bitcoin Well publicly announced a 2024 commercial sponsorship: https://bitcoinwell.com/press-releases/bitcoin-well-announces-btc-sessions-partnership-apr-02-2024; Contact form has Sponsorships option; official site offers hardware-wallet giveaways,,,,2026-10-08,Verified official site and sponsorship form,Research only; not contacted
CRE-005,Bitcoin Audible / Guy Swann,creator,Bitcoin Audible / Guy Swann,Global English,A,https://bitcoinaudible.com/contact-us/,General / guest-idea form,https://bitcoinaudible.com/contact-us/,https://bitcoinaudible.com/read_450-getting-lightning-ready-for-global-takeover-roy-sheinfeld/,Bitcoin essays; long-form explanation and ideas; Strong companion-book and historical narrative fit,Read and discuss an authorised short book excerpt; history episode,Secure excerpt permission and preserve independent editorial opinion; Published episodes thank named sponsors,,,,2026-10-08,Verified official site and form,Research only; not contacted
CRE-006,Love is Bitcoin / George Saoulidis and team,creator,Love is Bitcoin / George Saoulidis and team,European community connections; global English,A,https://cal.com/loveisbitcoin/,Published marketing discovery-call route,https://loveisbitcoin.com/marketing/,https://loveisbitcoin.com/,Bitcoin art; memes; fashion; stories and gifts; Strong culture-first physical-product fit,Collector feature; meme/history short; sample pack giveaway,Marketing page describes Bitcoin-aligned businesses accepting Bitcoin; payment methods unconfirmed for HISTROVE. Review entertainment tone before buying placement; Footer discloses affiliate links and sponsored content,,,,2026-10-08,Verified official site and linked business-booking route,Research only; not contacted
CRE-007,Rabbit Hole Stories / Joël Kai Lenz and Ian,creator,Rabbit Hole Stories / Joël Kai Lenz and Ian,European connections; English,A,show@rabbitholestories.co,Public show email,https://rabbitholestories.co/11,https://rabbitholestories.co/11,Personal Bitcoin discovery stories; Strong smaller-specialist candidate; history through personal stories,How crypto history became collectible art; favourite milestone discussion,Contact is verified but source episode is from 2023; confirm current publishing cadence and availability; No sponsorship policy found on checked episode,,,,2026-10-08,Verified public show email; activity recheck required,Research only; not contacted
CRE-008,Blocktrainer / Roman Reher,creator,Blocktrainer / Roman Reher,Germany / DACH; German,A,Info@blocktrainer.de,Business-only email,https://shop.blocktrainer.de/policies/legal-notice,https://www.blocktrainer.de/sponsoren-anmeldung,Bitcoin education and economics; Strong German-language Bitcoin enthusiast audience,German review of selected Bitcoin-history cards; visual explainer,Existing sponsorship registration page refers to 2025 event; use business email for a fresh creator proposal. Check language and Bitcoin-only fit; Official pages disclose partner links and educational-only content,,,,2026-10-08,Verified official business email,Research only; not contacted
CRE-009,Einundzwanzig,creator,Einundzwanzig,Germany / Austria / Switzerland; German,A,mail@einundzwanzig.space,General organisational email,https://einundzwanzig.space/kontakt/,https://einundzwanzig.space/,Bitcoin-only community; interviews; readings; Strong niche community and nostalgia fit,German history discussion; sample pack at community recording,Strong Bitcoin-only editorial stance; ask whether wider crypto-history subject matter fits; Homepage explicitly names BitBox sponsorship and Pocket Bitcoin promotion,,,,2026-10-08,Verified official site and organisational email,Research only; not contacted
CRE-010,Anita Posch,creator,Anita Posch,Europe / global; English and German content,B,https://anita.onl/contact,Preferred contact form,https://anita.onl/contact,https://anita.onl/,Bitcoin education; human rights; real-world adoption; Good educational fit if historical stories are substantive,Book-and-card discussion on Bitcoin adoption history,Purpose-led education focus; propose education rather than hype or speculative collecting; No commercial review policy found on checked pages,,,,2026-10-08,Verified official site and preferred form,Research only; not contacted
CRE-011,CryptoStache / Secret Agent Stache,creator,CryptoStache / Secret Agent Stache,US/global English,A,https://www.cryptostache.com/media/,Dedicated advertising / partnerships form,https://www.cryptostache.com/media/,https://www.cryptostache.com/,Crypto games; NFTs; gaming communities; Good visual unboxing and collectible-art crossover,Pack opening and art review; collector giveaway,Gaming-first audience; HISTROVE gameplay is not confirmed and must not be invented; Media page explicitly offers selective partnerships and advertising packages,,,,2026-10-08,Verified official media and linked inquiry route,Research only; not contacted
CRE-012,Randi Hipper / Miss Teen Crypto,creator,Randi Hipper / Miss Teen Crypto,US/global English,B,https://missteencrypto.com/contact-randi-hipper,Team contact form,https://missteencrypto.com/contact-randi-hipper,https://missteencrypto.com/,Crypto and NFT education; younger adult audience; Visual and accessible collector-story fit,Pack-opening short; illustrated crypto-history quiz,Creator is an adult per official bio; avoid youth investment messaging and speculative claims; Official services offer brand social promotion and interviews,,,,2026-10-08,Verified official site and team form,Research only; not contacted
CRE-013,WhiteboardCrypto,creator,WhiteboardCrypto,Global English,B,https://whiteboardcrypto.com/contact-us/,General contact page; course-business email also public,https://whiteboardcrypto.com/contact-us/,https://whiteboardcrypto.com/,Blockchain; DeFi; clear stories and analogies; Good history education fit; less naturally an unboxing channel,Animated historical milestone explainer with disclosed product segment,"No current sponsorship policy verified; contact page email is obscured in text extraction so use page, not a guessed address; Official footer says educational information is not financial advice",,,,2026-10-08,Verified official contact page; commercial willingness unconfirmed,Research only; not contacted
CRE-014,Crypto Casey,creator,Crypto Casey,Global English,B,Casey@CryptoCasey.com,Public official creator contact email,https://cryptocasey.com/help/,https://cryptocasey.com/help/,Crypto basics and scam-awareness education; Accessible history primer could suit beginner collectors,Three historical moments explained using physical cards,Page says free educational content only and no direct-message promotions; commercial availability must be checked; Official page warns about impersonators and identifies the sole email handle,,,,2026-10-08,Verified official email; partnership availability unconfirmed,Research only; not contacted
CRE-015,Coin Bureau / Guy and team,creator,Coin Bureau / Guy and team,Global English; UK-origin brand,B,https://coinbureau.com/contact,Collaboration / general inquiry route,https://coinbureau.com/contact,https://coinbureau.com/about,Broad crypto education and research; Broad crypto-history collection aligns with explainer audience,Milestone-history video integration; sample review,Request recent audience and campaign data; no assumption that a review is purchasable or favourable; Official site has disclaimer and deals pages; contact route accepts collaboration proposals,,,,2026-10-08,Verified official collaboration route,Research only; not contacted
CRE-016,The Defiant / Camila Russo brand,creator,The Defiant / Camila Russo brand,Global English,B,sponsors@thedefiant.io,Dedicated sponsorship email,https://thedefiant.io/contact,https://thedefiant.io/about,DeFi; Ethereum; crypto-native history; Good broader-crypto and Ethereum-history fit,History-of-DeFi segment; founder/art interview,Use sponsorship inbox for commercial terms; do not conflate paid placement and independent coverage; About page says sponsored content is labelled and separated from newsroom work,,,,2026-10-08,Verified official dedicated email,Research only; not contacted
CRE-017,Bankless,creator,Bankless,Global English,B,https://sponsors.bankless.com/,Dedicated sponsor portal,https://sponsors.bankless.com/,https://sponsors.bankless.com/,Crypto-native early adopters; Ethereum and emerging technology; Strong thematic fit; likely a reach-led rather than first-test partner,Host-read physical-collectible segment; history discussion,Portal labels media kit confidential; no gated content accessed or reproduced. Request rate and current audience geography; Public portal describes host-read and produced video ad formats,,,,2026-10-08,Verified public sponsor portal only,Research only; not contacted
CRE-018,TFTC / Marty Bent,creator,TFTC / Marty Bent,US/global English,B,marty@tftc.io,Dedicated advertising email,https://www.tftc.io/advertise,https://www.tftc.io/advertise,Bitcoin builders; miners; founders and operators; Good Bitcoin nostalgia and material-object collector fit,Host-read with physical display; Bitcoin-history conversation,Bitcoin-first and broader commentary format; review recent episode tone and adjacent sponsors before committing; Advertising page explicitly offers native newsletter and host-read placements,,,,2026-10-08,Verified official advertising email,Research only; not contacted
CRE-019,Simply Bitcoin,creator,Simply Bitcoin,Global English,B,https://simplybitcoin.com/contact,Explicit partnerships / sponsorships form,https://simplybitcoin.com/contact,https://simplybitcoin.com/contact,Bitcoin news and enthusiasts; Good visual pack-opening format and enthusiast recognition,Sample unboxing; favourite Bitcoin milestone roundtable,Bitcoin Well publicly announced a commercial sponsorship in 2024: https://bitcoinwell.com/press-releases/bitcoin-well-launches-customer-loyalty-with-simply-bitcoin-partnership-feb-29-2024; keep HISTROVE claims non-financial; Official contact page solicits sponsors and partnerships,,,,2026-10-08,Verified official sponsorship form,Research only; not contacted
CRE-020,The Nifty Show / Joel Comm and Travis Wright,creator,The Nifty Show / Joel Comm and Travis Wright,Global English,B,theniftyshow@gmail.com,Public show email,https://theniftyshow.com/,https://theniftyshow.com/,Collectibles; NFT pioneers; trading-card-adjacent culture; Strong concept fit: official site names Garbage Pail Kids and Blockchain Heroes coverage,Physical-versus-digital collecting episode; pack opening,Verify latest episode cadence; do not imply HISTROVE has NFT or play-to-earn features; No bespoke disclosure policy found on checked homepage,,,,2026-10-08,Verified official show email; activity recheck required,Research only; not contacted
CRE-021,Edge of Show (formerly Edge of NFT),creator,Edge of Show (formerly Edge of NFT),Global English,B,contact@edgeofnft.com,Public sponsorship / show email,https://edgeofnft.substack.com/p/the-edge-of-nft-newsletter-issue-373,https://www.edgeofnft.com/privacy-policy,Web3; art; gaming; emerging technology; Good art-history and collector-culture crossover,Founder interview; art process feature; approved giveaway,Older sponsorship invitation corroborated by currently accessible official contact footer; confirm current branding and format; Show newsletter discloses sponsored content and affiliate commissions,,,,2026-10-08,Verified public show email; current package confirmation needed,Research only; not contacted
CRE-022,nft now,creator,nft now,Global English,B,https://nftnow.com/contact/,General contact form,https://nftnow.com/contact/,https://nftnow.com/privacy-policy/,NFT artists; collectors; Web3 culture; Good anime-art and historical-collectible audience overlap,Art and design interview; physical culture feature,Editorial pitch is distinct from paid sponsorship; confirm physical-product relevance and current podcast cadence; No bespoke commercial disclosure policy confirmed in checked sources,,,,2026-10-08,Verified official contact page,Research only; not contacted
CRE-023,Unchained / Laura Shin,creator,Unchained / Laura Shin,Global English,B,https://unchainedcrypto.com/contact/,General contact form,https://unchainedcrypto.com/contact/,https://unchainedcrypto.com/,Crypto history; technology; industry interviews; Good researched-history fit; less suited to pure unboxing,Historically sourced founder conversation or clear host-read ad,Independent editorial coverage cannot be promised in exchange for samples or payment; Site separates labelled paid content; policies linked in footer,,,,2026-10-08,Verified official site and form,Research only; not contacted
CRE-024,Zero Knowledge Podcast / Anna Rose and team,creator,Zero Knowledge Podcast / Anna Rose and team,European connections; global English,C,hello@zeroknowledge.fm,Public team email and sponsorship link,https://zeroknowledge.fm/,https://zeroknowledge.fm/,Cryptography; distributed systems; decentralised-web research; Selective fit for technically accurate cypherpunk/history cards,History-of-cryptography discussion; book giveaway if invited,Technical audience; HISTROVE must demonstrate accuracy and research depth; conventional unboxing is low fit; Homepage has Sponsorship Enquiry and Disclosures links,,,,2026-10-08,Verified official email and sponsor-link presence,Research only; not contacted
CRE-025,DécouvreBitcoin / Rogzy,creator,DécouvreBitcoin / Rogzy,France / Francophone,C,contact@decouvrebitcoin.com,Published organisational email,https://help.decouvrebitcoin.fr/mentions-legales/,https://help.decouvrebitcoin.fr/traduction/,Bitcoin fundamentals; interviews and education; Potential French-language history-card education partner,French educational review of selected Bitcoin cards,Older educational site and podcast; confirm current channel / Plan B Network relationship and activity before outreach; Official help footer describes educational content and warns about investment risk,,,,2026-10-08,Verified official email; current brand/activity recheck required,Research only; not contacted
CRE-026,CryptoWendyO / The O Show,creator,CryptoWendyO / The O Show,US/global English,C,CryptoWendyO@protonmail.com,Public show booking email in published show notes,https://podimo.com/en/shows/trader-talk,https://www.linkedin.com/in/cryptowendyo,Crypto news; interviews; market commentary; Broad reach and personable visual format; weaker history specialism,Physical-card review or brief history-themed interview,Official website fetch failed / partners page 404; reverify live official bio and contact before use; no wrongdoing alleged; Published show notes disclose crypto holdings and commercial contributions,,,,2026-10-08,Public show-note email found; current official-site recheck required,Research only; not contacted
CRE-027,Natalie Brunell / Coin Stories,creator,Natalie Brunell / Coin Stories,US/global English,C,https://talkingbitcoin.com/contact,Official services/contact page; form not exposed by text tool,https://talkingbitcoin.com/services,https://talkingbitcoin.com/,"Bitcoin personal stories and accessible monetary history; Strong educational subject fit, but contact route needs completion",Book/history interview or disclosed sample segment,Do not use unrelated academic or personal contact details; browser-check booking form before any outreach; Homepage discloses paid partnerships / affiliate links; services offers podcast sponsorships,,,,2026-10-08,Official sponsorship offer verified; actionable form incomplete,Research only; not contacted
CRE-028,What Bitcoin Did / Danny Knowles,creator,What Bitcoin Did / Danny Knowles,UK connections; global English,C,,No public business inquiry verified in checked pages,https://www.whatbitcoindid.com/sponsors,https://www.whatbitcoindid.com/home,Bitcoin history; monetary ideas; long-form interviews; Strong nostalgia and historical research fit,Bitcoin-history conversation with physical card visual accompaniment,"Current site names Danny Knowles as host; do not use outdated Peter McCormack booking assumptions. Find verified business route first; Official sponsors page lists commercial Bitcoin loan, custody and services partnerships",,,,2026-10-08,Official show verified; business contact unresolved,Research only; not contacted
CRE-029,Once Bitten / Daniel Prince,creator,Once Bitten / Daniel Prince,UK/European connections; English,C,,No public business inquiry verified in checked pages,https://www.once-bitten.com/about,https://www.once-bitten.com/,Bitcoin discovery stories; families; education; Niche story-led companion-book fit,Favourite Bitcoin-history moment interview; book discussion,Website contains older material; verify current cadence and direct business contact before use; Official sponsors page discloses affiliates / sponsorships: https://www.once-bitten.com/sponsors,,,,2026-10-08,Official show verified; business contact unresolved,Research only; not contacted
CRE-030,Finematics / Jakub,creator,Finematics / Jakub,Global English; European creator,C,https://finematics.com/contact/,Contact form with explicit commercial-policy limits,https://finematics.com/contact/,https://finematics.com/about/,DeFi and cryptocurrency explanations; Excellent education fit but a paid product review conflicts with published policy,Only explore a genuinely aligned educational explainer; no paid-review pitch,Do not treat availability of form as willingness to promote HISTROVE; educational collaboration is exploratory; Explicitly declines sponsored project reviews; aligned established-project explainer work may be considered,,,,2026-10-08,Verified official form and restrictive policy,Research only; not contacted
EVT-001,BTC Prague,event,Twenty one million s.r.o. / BTC Prague,Czechia,A,hello@btcprague.com,Public organiser business email,https://btcprague.com/faq/,https://btcprague.com/ | https://btcprague.com/visitors-code/,Bitcoin culture and education audience; clear VIP tier; official date evidence: May 6 — 8 / BTC PRAGUE 2027,VIP packs; sponsor booth giveaways; history-book gifts,Bitcoin-only positioning: mixed-crypto cards may be rejected; confirm editorial fit,2027-05-06,2027-05-08,Confirmed 2027 dates,2026-10-08,Official source research; check date/status limitations,Research only; not contacted
EVT-002,EthCC[10],event,Ethereum France,France,A,Become a sponsor: Book a call / Request the deck,Official organiser sponsor/partnership route; buyer referral needed,https://ethcc.io/,https://ethcc.io/ | https://en.palaisdesfestivals.com/press-area/press-releases/ethereum-community-conference-ethcc-to-be-held-in-cannes-until-2028/,"10th edition explicitly celebrates a decade; direct history fit; official date evidence: 12 – 15 April, 2027",Anniversary/history packs; sponsor giveaways; speaker book gifts,Older venue release says April 5–8; current organizer says April 12–15; reconfirm before logistics,2027-04-12,2027-04-15,Confirmed 2027 dates; older venue release conflicts,2026-10-08,Official source research; check date/status limitations,Research only; not contacted
EVT-003,European Blockchain Convention 13,event,European Blockchain Convention,Spain,A,Sponsor form,Official organiser sponsor/partnership route; buyer referral needed,https://share-eu1.hsforms.com/19Iqj5fE6QNioxsODGCHX-A2b2y1g,https://eblockchainconvention.com/european-blockchain-convention-13/,Long production runway and cross-sector sponsor audience; official date evidence: 23-24 SEPTEMBER 2027,VIP gifts; exhibitor packs; sponsor staff gifts,2026 speakers and stale VIP party dates remain on page; do not treat follower count as attendance,2027-09-23,2027-09-24,Confirmed 2027 dates,2026-10-08,Official source research; check date/status limitations,Research only; not contacted
EVT-004,Signal Week (formerly Paris Blockchain Week),event,Signal Week / Paris Blockchain Week team,France,A,Founding partner form,Official organiser sponsor/partnership route; buyer referral needed,https://share.hsforms.com/1D4kghBe-QY-HuObGN7RM4w3n10g,https://www.parisblockchainweek.com/ | https://signalweek.com/,Premium institutional audience with VIP formats and long runway; official date evidence: Paris Blockchain Week Is Now Signal Week,Premium VIP pack-plus-book gifts; sponsor hospitality,Repositioned institutional summit; anime aesthetic needs premium sample validation; no inferred procurement budget,2027-07-06,2027-07-07,Confirmed 2027 dates and new identity,2026-10-08,Official source research; check date/status limitations,Research only; not contacted
EVT-005,Proof of Talk Paris,event,X Ventures,France,A,events@proofoftalk.io,Public organiser business email,https://proofoftalk.io/faq/,https://proofoftalk.io/paris/ | https://proofoftalk.io/faq/,"Art-museum setting and capped senior audience suit premium physical keepsakes; official date evidence: June 2–3, 2027",Curated VIP packs and companion-book gifts,Invitation/application event; partnership availability changes; sponsor route is not a purchase commitment,2027-06-02,2027-06-03,Confirmed 2027 dates,2026-10-08,Official source research; check date/status limitations,Research only; not contacted
EVT-006,Dutch Blockchain Week Main Summit,event,Dutch Blockchain Week,Netherlands,A,team@dutchblockchainweek.com,Public organiser business email,https://dutchblockchainweek.com/summit/,https://dutchblockchainweek.com/summit/,"European ecosystem breadth and usable public team inbox; official date evidence: May 19 & 20, 2027",Sponsor activation packs; VIP gifts; team bundles,Confirm current procurement owner and physical-giveaway rules,2027-05-19,2027-05-20,Confirmed 2027 dates,2026-10-08,Official source research; check date/status limitations,Research only; not contacted
EVT-007,Milano Blockchain Week (formerly ETHMilan),event,Milano Blockchain Week / Web3Mi,Italy,A,sales@mbw.xyz,Public organiser business email,https://milanoblockchainweek.com/,https://milanoblockchainweek.com/,Museum setting plus culture/community audience; direct sponsorship inbox; official date evidence: From ETHMilan to a full Blockchain Week.,Culture-day packs; sponsor giveaways; VIP book gifts,Three audience segments require tailored offer; historical attendance spans multiple editions,2027-05-20,2027-05-22,Confirmed 2027 dates and expanded identity,2026-10-08,Official source research; check date/status limitations,Research only; not contacted
EVT-008,Crypto Assets Conference CAC27,event,Frankfurt School Centre for Digital Economics,Germany,B,team@crypto-assets-conference.de,Public organiser business email,https://crypto-assets-conference.de/,https://crypto-assets-conference.de/ | https://crypto-assets-conference.de/sponsors,"Established academic/institutional digital-assets audience; official date evidence: CAC27 ... April 7, 2027",Speaker book gifts; sponsor staff packs,Main page contains CAC26 copy and old figures; do not reuse as 2027 attendance; formal audience may prefer book,2027-04-07,2027-04-07,Confirmed 2027 date,2026-10-08,Official source research; check date/status limitations,Research only; not contacted
EVT-009,VI3NNA Congress,event,VI3NNA Congress team,Austria,B,Sponsorship application / Contact,Official organiser sponsor/partnership route; buyer referral needed,https://vi3nna.com/sponsorship,https://vi3nna.com/,"MuseumsQuartier setting and invite-only executive positioning; official date evidence: Vienna, May, 13-14 2027",Executive welcome gifts; sponsor hospitality bundles,Policy-focused audience; confirm legal contracting entity and gift-acceptance rules,2027-05-13,2027-05-14,Confirmed 2027 dates,2026-10-08,Official source research; check date/status limitations,Research only; not contacted
EVT-010,BTCHEL 2027,event,BTCHEL,Finland,A,Become a Sponsor form,Official organiser sponsor/partnership route; buyer referral needed,https://btchel.com/sponsorships/,https://btchel.com/event/btchel-2027/ | https://btchel.com/ | https://btchel.com/expo/,"Community-led Bitcoin event with VIP ticket and long runway; official date evidence: September 10, 2027 ... September 11, 2027",VIP packs; booth giveaway; Nordic sponsor bundles,2026 exhibitor rules prohibit common-area flyers and advance deliveries; ask specifically about collectible packs and 2027 policy; Bitcoin-only fit,2027-09-10,2027-09-11,Confirmed 2027 ticket-event dates,2026-10-08,Official source research; check date/status limitations,Research only; not contacted
EVT-011,Adopting Bitcoin Arnhem,event,Adopting Bitcoin local teams; confirm contracting entity,Netherlands,A,adoptingbitcoinarnhem@bitkassa.nl,Public organiser business email,https://nl27.adoptingbitcoin.org/,https://nl27.adoptingbitcoin.org/,Local Bitcoin-history and real-world adoption theme; explicit sponsorship invitation; official date evidence: 28 – 29 May 2027,Educational packs; sponsor-funded community gifts,Venue unannounced; Bitcoin-only content alignment; community budget may be modest,2027-05-28,2027-05-29,Confirmed 2027 dates; venue TBA,2026-10-08,Official source research; check date/status limitations,Research only; not contacted
EVT-012,NFC Summit 2027,event,NFC Summit,Portugal,A,Sponsors application,Official organiser sponsor/partnership route; buyer referral needed,https://form.typeform.com/to/pCm4CZor,https://www.nfcsummit.com/,Art and collectible culture is unusually close to the product; physical venue-wall activation demonstrates tangible keepsake interest; official date evidence: 27 · 28 · 29 May 2027,Collector pack activation; VIP gifts; partner booth drops,NFT sponsor-wall purchases are separate from procurement; do not imply HISTROVE is an NFT or buy a slot,2027-05-27,2027-05-29,Confirmed 2027 dates,2026-10-08,Official source research; check date/status limitations,Research only; not contacted
EVT-013,Zebu Live / London Web3 Week,event,Flight3 / Zebu Live,United Kingdom,A-watch,Flight3 public contact form; ask to route to Zebu Live,Official organiser sponsor/partnership route; buyer referral needed,https://www.flight3.xyz/,https://www.zebulive.xyz/ | https://www.flight3.xyz/,UK location; marketing/brand-activation audience and VIP reception precedent; official date evidence: THE UK’S FLAGSHIP WEB3 SUMMIT WILL RETURN,Sponsor activation packs; VIP reception gifts,No confirmed 2027 date; agency intake asks marketing budget and is not event procurement form,,,Return announced; 2027 dates not verified,2026-10-08,Official source research; check date/status limitations,Research only; not contacted
EVT-014,Crypto Valley Conference,event,Crypto Valley Association and Hochschule Luzern,Switzerland,B-watch,Contact form / partnership opportunities,Official organiser sponsor/partnership route; buyer referral needed,https://cryptovalleyconference.com/,https://cryptovalleyconference.com/ | https://cryptovalleyconference.com/event-info/,"Official sponsor-hosted dinner and boat-cruise formats create gifting use cases; official date evidence: May 28th, 2026 | Rotkreuz, Zug Switzerland",VIP dinner gifts; sponsor-hosted packs; companion books,2027 unannounced; public counters fail to render so no attendance number recorded,,,Recurring watchlist; 2027 unannounced; last listed 2026-05-28,2026-10-08,Official source research; check date/status limitations,Research only; not contacted
EVT-015,CfC St. Moritz,event,CfC St. Moritz,Switzerland,B,info@cfc-stmoritz.com,Public organiser business email,https://cfc-stmoritz.com/,https://cfc-stmoritz.com/,Small high-end audience could suit premium limited gift order; official date evidence: January 13th - 15th 2027,Small premium pack-and-book VIP gift run,January is tight after December taking-orders aim; fulfillment unverified; strict access and high sample-quality expectations,2027-01-13,2027-01-15,Confirmed 2027 dates,2026-10-08,Official source research; check date/status limitations,Research only; not contacted
EVT-016,London Blockchain Web3 & AI Summit,event,London Blockchain Conference,United Kingdom,B,"Speak, Partner or Sponsor form",Official organiser sponsor/partnership route; buyer referral needed,https://londonblockchain.net/blockchain-events-calendar/,https://londonblockchain.net/blockchain-events-calendar/,UK-first prospect and current explicit partnership route; official date evidence: Date: March 2027,Sponsor hospitality packs; speaker book gifts,March only; do not conflate summit with undated flagship conference; confirm audience and venue,2027-03,,2027 month announced; exact dates TBA,2026-10-08,Official source research; check date/status limitations,Research only; not contacted
EVT-017,Blockchain International Scientific Conference ISC2027,event,British Blockchain Association,United Kingdom,B,Conference enquiries / BBA contact,Official organiser sponsor/partnership route; buyer referral needed,https://www.britishblockchainassociation.org/contact,https://www.britishblockchainassociation.org/isc2027,UK event with research/history learning relevance; official date evidence: 19 March 2027 · University of East London,Educational companion books; speaker or sponsor-funded gifts,Academic audience; may have small merchandising budget; do not use paper-submission inbox for sales,2027-03-19,2027-03-19,Confirmed 2027 date,2026-10-08,Official source research; check date/status limitations,Research only; not contacted
EVT-018,Digital Money Summit 2027,event,OMFIF,United Kingdom,C,Partnership opportunities form,Official organiser sponsor/partnership route; buyer referral needed,https://www.omfif.org/partnership-opportunities/,https://www.omfif.org/dms2027/,"UK institutional digital-money gathering; official date evidence: London, 18-19 May 2027",Speaker books; selective sponsor hospitality gifts,Lower collectible affinity; government/central-bank gift policies; do not assume broad pack demand,2027-05-18,2027-05-19,Confirmed 2027 dates,2026-10-08,Official source research; check date/status limitations,Research only; not contacted
EVT-019,CBC Summit Europe,event,CBC Summit,United Kingdom,B,Join as a Sponsor form on event page,Official organiser sponsor/partnership route; buyer referral needed,https://www.cbcsummit.io/europe,https://www.cbcsummit.io/europe,"Small UK executive audience can fit a manageable pilot order; official date evidence: 04 March 2027 - London, UK",Small speaker/partner gift batch; companion books,Regulatory/banking audience; gifting policies and procurement interest unverified,2027-03-04,2027-03-04,Confirmed 2027 date,2026-10-08,Official source research; check date/status limitations,Research only; not contacted
EVT-020,Global Blockchain & Crypto Symposium,event,Global Legal Group,United Kingdom,C,Enquiries form,Official organiser sponsor/partnership route; buyer referral needed,https://blockchaincrypto-symposium.com/contact/,https://blockchaincrypto-symposium.com/ | https://blockchaincrypto-symposium.com/conference-2026/,UK small-format professional audience; possible sponsor gift order; official date evidence: returning to London in June 2027,Speaker book gifts; legal-firm sponsor staff packs,Old 24 June agenda remains and contact title says September; use June 2027 homepage only as month-level claim; confirm date,2027-06,,2027 month announced; exact date TBA,2026-10-08,Official source research; check date/status limitations,Research only; not contacted
EVT-021,ETHDenver,event,ETHDenver LLC / SporkDAO ecosystem,United States,A-watch,Sponsorship intake form,Official organiser sponsor/partnership route; buyer referral needed,https://ethdenver.com/sponsor/,https://ethdenver.com/ | https://ethdenver.com/sponsor/,"Museum of Ethereum, art gallery and community activations are close history/culture fit; official date evidence: FEBRUARY 18-21, 2026",Builder packs; art/history activation; sponsor gifts,Official site still 2026; no invented 2027 February dates; logistics and sponsor cost unverified,,,Recurring watchlist; 2027 date not verified; last 2026-02-18 to 2026-02-21,2026-10-08,Official source research; check date/status limitations,Research only; not contacted
EVT-022,Bitcoin 2027,event,BTC Inc / Bitcoin Magazine / Bitcoin Conference,United States,A,Sponsor contact form,Official organiser sponsor/partnership route; buyer referral needed,https://conference.b.tc/contact/sponsor,https://www.b.tc/conference | https://conference.b.tc/contact/sponsor,"Global Bitcoin flagship with merchandise and sponsor ecosystem; official date evidence: July 15–17, 2027",Bitcoin-history packs; VIP gift books; sponsor booth gifts,Bitcoin-only fit; US import/shipping; do not carry 2026 vendor pricing into 2027,2027-07-15,2027-07-17,Confirmed 2027 dates,2026-10-08,Official source research; check date/status limitations,Research only; not contacted
EVT-023,Bitcoin Asia / Bitcoin Hong Kong,event,BTC Inc / Bitcoin Magazine / Bitcoin Conference,"Hong Kong SAR, China",B,BTC Inc. partnership Contact Us,Official organiser sponsor/partnership route; buyer referral needed,https://www.b.tc/conference,https://www.b.tc/conference | https://mena.b.tc/event-update,"Major Asian Bitcoin audience and sufficient production runway; official date evidence: August 26–27, 2027",VIP gifts; sponsor booth packs; collector activation,Same organizer as Nashville; coordinate one account; Bitcoin-only content; import costs,2027-08-26,2027-08-27,Confirmed 2027 dates,2026-10-08,Official source research; check date/status limitations,Research only; not contacted
EVT-024,Bitcoin MENA,event,BTC Inc / Bitcoin Magazine / Bitcoin Conference,United Arab Emirates,B-watch,Official contact form linked in event update,Official organiser sponsor/partnership route; buyer referral needed,https://mena.b.tc/event-update,https://mena.b.tc/event-update,Regional organizer relationship for later premium gifting; official date evidence: Bitcoin MENA is moving to 2027,VIP packs; partner hospitality gifts,Do not pitch December 2026 delivery: official event postponed; dates and logistics unresolved,,,Rescheduled to winter 2027; exact dates TBA,2026-10-08,Official source research; check date/status limitations,Research only; not contacted
EVT-025,TOKEN2049 New York,event,TOKEN2049,United States,B,info@token2049.com / Partner with us,Public organiser business email,https://token2049.com/new-york,https://token2049.com/new-york | https://www.token2049.com/,First New York edition and broad crypto sponsor network; official date evidence: 16-17 June 2027,Sponsor booth packs; executive gift kits,New edition operational uncertainty; scale could exceed stock; coordinate TOKEN2049 account once,2027-06-16,2027-06-17,Confirmed 2027 dates,2026-10-08,Official source research; check date/status limitations,Research only; not contacted
EVT-026,TOKEN2049 Dubai,event,TOKEN2049,United Arab Emirates,B,info@token2049.com,Public organiser business email,https://www.token2049.com/dubai/announcement,https://www.token2049.com/dubai/announcement | https://www.investindubai.gov.ae/events-calendar/token2049-dubai,Large sponsor ecosystem and VIP hospitality; official date evidence: postponed to 21–22 April 2027,VIP packs; sponsor client gifts,2026 postponed for regional safety/travel uncertainty; reconfirm status and freight before any commitment,2027-04-21,2027-04-22,Confirmed rescheduled 2027 dates,2026-10-08,Official source research; check date/status limitations,Research only; not contacted
EVT-027,TOKEN2049 Singapore,event,TOKEN2049,Singapore,B,info@token2049.com / Partner with us,Public organiser business email,https://token2049.com/singapore,https://token2049.com/singapore | https://www.token2049.com/,Long runway and extensive sponsor/side-event ecosystem; official date evidence: 6 - 7 October 2027,Sponsor booth pack drops; VIP gifts,Page retains 2026 party/agenda sections; use explicit 2027 main-event dates; mass quantities may be unsuitable,2027-10-06,2027-10-07,Confirmed 2027 dates,2026-10-08,Official source research; check date/status limitations,Research only; not contacted
EVT-028,Consensus Miami 2027,event,CoinDesk,United States,B,sponsors@coindesk.com,Public organiser business email,https://consensus.coindesk.com/become-a-sponsor/,https://consensus.coindesk.com/ | https://consensus.coindesk.com/become-a-sponsor/,"Large cross-sector crypto-native and institutional sponsor audience; official date evidence: May 4-6, 2027",Sponsor client gifts; VIP packs and books,Sponsorship sales channel must route to gifting/procurement; US freight and unknown stock,2027-05-04,2027-05-06,Confirmed 2027 dates,2026-10-08,Official source research; check date/status limitations,Research only; not contacted
EVT-029,Adopting Bitcoin Cape Town 2027,event,Adopting Bitcoin local teams; confirm contracting entity,South Africa,B,info@adoptingbitcoin.org (series routing),Public organiser business email,https://adoptingbitcoin.org/,https://za27.adoptingbitcoin.org/index.html | https://adoptingbitcoin.org/,Education focus and existing VIP physical gift inclusions; official date evidence: 26 – 27 February 2027,Sponsor-funded educational packs; VIP book gifts,Bitcoin-only fit; short fulfillment runway; avoid assuming local general admission can support premium pricing,2027-02-26,2027-02-27,Confirmed 2027 dates,2026-10-08,Official source research; check date/status limitations,Research only; not contacted
EVT-030,Plan ₿ Forum El Salvador,event,ALTKEY ESA S.A.S de C.V / Plan ₿ Forum,El Salvador,B,pbf-es@planblugano.zendesk.com,Public organiser business email,https://planb.sv/,https://planb.sv/,"Bitcoin art gallery and educational program suit physical history collectibles; official date evidence: January 29-30, 2027, San Salvador",Art-gallery collector packs; VIP books; sponsor gifts,January supply/production risk; international freight; Bitcoin-only fit,2027-01-29,2027-01-30,Confirmed 2027 dates,2026-10-08,Official source research; check date/status limitations,Research only; not contacted
EVT-031,Next Block Expo,event,Next Block Expo,Poland,B-watch,Sponsorship & Exhibition form (currently 2026),Official organiser sponsor/partnership route; buyer referral needed,https://nextblockexpo.com/become-partner-2026,https://nextblockexpo.com/,"Web3 gaming zone plus broad community gives collectible fit; official date evidence: MARCH 24-25, 2026",Gaming-zone packs; sponsor booth gifts; VIP gifts,2027 unannounced; outdated form year; ask for next-edition procurement routing,,,Recurring watchlist; 2027 unannounced; last 2026-03-24 to 2026-03-25,2026-10-08,Official source research; check date/status limitations,Research only; not contacted
EVT-032,Crypto Expo Europe,event,Crypto Expo Europe,Romania,B-watch,office@cryptoexpoeurope.com,Public organiser business email,https://cryptoexpoeurope.com/contact,https://www.cryptoexpoeurope.com/index.php | https://cryptoexpoeurope.com/contact,Accessible regional trade-show and exchange sponsor audience; official date evidence: Crypto Expo Europe 2026 ... Bucharest (March 1–2),Exhibitor giveaways; VIP packs; sponsor staff gifts,2027 date not verified; trading-focused audience; vet sponsor alignment,,,Recurring watchlist; 2027 unannounced; last 2026-03-01 to 2026-03-02,2026-10-08,Official source research; check date/status limitations,Research only; not contacted
EVT-033,Unchained Summit Dubai,event,Unchained Summit,United Arab Emirates,B,Become a Sponsor / Contact Us on official page,Official organiser sponsor/partnership route; buyer referral needed,https://unchainedsummit.com/dubai/,https://unchainedsummit.com/dubai/,Smaller executive event before TOKEN2049 allows one regional gifting plan; official date evidence: 19 - 20 April 2027,Curated VIP packs; investor/sponsor gifts,Regional travel risk and freight; organizer legal entity not independently checked; do not assume shared procurement with TOKEN2049,2027-04-19,2027-04-20,Confirmed 2027 dates,2026-10-08,Official source research; check date/status limitations,Research only; not contacted
RET-001,FREE Madeira x Monstera Books,retail,FREE Madeira x Monstera Books,Portugal / Europe,A,shop@freemadeira.org,explicit reseller-proposal email,https://shop.freemadeira.org/pages/faqs,https://shop.freemadeira.org/,FAQ expressly invites brands and books with resale proposals; active book and accessory catalogue.,Lead with the illustrated history book and a small trial stocking proposal alongside its Bitcoin education books.,Bitcoin-focused range; disclose mixed-crypto scope and language before proposing stock.,,,,2026-10-08,official pages opened,Research only; not contacted
RET-002,Bitcoin Merch (.com),retail,Bitcoin Merch (.com),USA,A,sales@bitcoinmerch.com,explicit product-listing email,https://bitcoinmerch.com/pages/partners-list,https://bitcoinmerch.com/pages/contact-us,Partners page invites product listings; gallery operates by appointment in California.,Ask whether a physical history collectible would suit its existing Bitcoin-product catalogue and gallery.,Do not confuse with separately operated bitcoinmerch.net; acceptance of cards is unconfirmed.,,,,2026-10-08,official pages opened,Research only; not contacted
RET-003,SatoshiStore.io,retail,SatoshiStore.io,Austria / international,A,hello@satoshistore.io,public collaboration email,https://satoshistore.io/pages/mission,https://satoshistore.io/collections/accessories-overview,Mission invites collaborations; catalogue includes books and playing cards.,Show the historical-art/book concept as a collectible companion to existing books and games.,Explicit Bitcoin-only position: mixed-crypto booster packs may be unsuitable; ask fit without implying a Bitcoin-only product exists.,,,,2026-10-08,official pages opened,Research only; not contacted
RET-004,Holo District TCG & Sports,retail,Holo District TCG & Sports,USA,B,Cards@HoloDistrictTCG.com,explicit buying-team email,https://holodistricttcg.com/distributors,https://holodistricttcg.com/distributors,Distributor/vendor page expressly welcomes wholesale partnerships.,Test appetite for an original non-sports history-card line with anime illustration and companion book.,"No crypto audience demonstrated; needs strong samples, wholesale margin and proven collector demand.",,,,2026-10-08,official pages opened,Research only; not contacted
RET-005,Bitcoin Merch (.net),retail,Bitcoin Merch (.net),USA,B,support@bitcoinmerch.net,explicit partnership-routing email,https://bitcoinmerch.net/pages/contact,https://bitcoinmerch.net/pages/contact,Contact page explicitly accepts partnership inquiries; no public wholesale programme.,Suggest a small physical-history gift collaboration rather than assume an existing wholesale channel.,Separate business from .com; partnership routing verified but stocking third-party cards is not.,,,,2026-10-08,official pages opened,Research only; not contacted
RET-006,Bitcoin Magazine Store,retail,BTC Inc / Bitcoin Magazine / Bitcoin Conference,USA / international,B,store@btcmedia.org,store general enquiry email,https://store.bitcoinmagazine.com/pages/home-page,https://store.bitcoinmagazine.com/,"Current store sells books, collectible prints and Bitcoin playing cards; store email is published.",Position the book and historical card art alongside its print collectibles; request the merchandise buyer.,BTC Inc overlap with media/event records; coordinate a single organisation-level approach. General store route is not a buying invitation; Bitcoin-only fit check.,,,,2026-10-08,official pages opened,Research only; not contacted
RET-008,Cryptoart.com,retail,Cryptoart.com,USA / international,B,https://cryptoart.com/pages/contact,public business contact form,https://cryptoart.com/pages/contact,https://cryptoart.com/,Current catalogue sells physical crypto-themed art prints including The Halving.,Discuss complementary small-format history art for physical collectors or a curated cross-promotion.,"Possible competitor/collaborator, not confirmed third-party stockist. HISTROVE should make no token, wallet or redemption promise.",,,,2026-10-08,official pages opened,Research only; not contacted
RET-009,The Bitcoin Store / COINworKs,retail,The Bitcoin Store / COINworKs,USA,B,info@thebitcoinstore.com,explicit partnership enquiry email,https://thebitcoinstore.com/contact-us,https://thebitcoinstore.com/contact-us,Contact page identifies two staffed California stores and accepts partnership questions.,Consider a small counter display as a physical Bitcoin-history learning aid.,"Primarily exchange/OTC retail, not proven merchandise buyer; keep offer to ordinary physical collectibles.",,,,2026-10-08,official pages opened,Research only; not contacted
RET-010,Cryptomaan / BTC Direct Shop,retail,Cryptomaan / BTC Direct Shop,Netherlands / Europe,B,https://cryptomaan.eu/pages/contact,public contact-page routing,https://cryptomaan.eu/pages/contact,https://cryptomaan.eu/pages/business-orders,Business-orders page covers bulk crypto products and employee gifting; contact page has a support form.,Explore a history-book or pack add-on for customer education or business gifts.,"Published business-order programme sells its stock; it is not evidence of supplier intake. Email is masked in retrieved source, so none guessed.",,,,2026-10-08,official pages opened,Research only; not contacted
RET-011,CryptoCloaks,retail,CryptoCloaks,USA / Europe,C,support@cryptocloaks.com,support-only routing; buyer needed,https://www.cryptocloaks.com/support/,https://www.cryptocloaks.com/product/print-my-stl/,Bitcoin-native physical-products business with public support channel.,A custom card display stand or physical product collaboration may fit better than simple resale.,Support inbox is not a marketing invitation; identify a partnerships route before pitching. Manufacturing commission would need separate approval.,,,,2026-10-08,official pages opened,Research only; not contacted
RET-012,Solo Satoshi,retail,Solo Satoshi,USA,C,https://www.solosatoshi.com/contact/,support-only form; buyer needed,https://www.solosatoshi.com/contact/,https://www.solosatoshi.com/category/news/,Official contact page confirms a Conroe storefront and hardware support; news describes distributor activity.,Potential educational counter collectible for a Bitcoin hardware shop.,Current form requires an order number. Do not invent one or submit sales pitches through order support; first find a suitable business route.,,,,2026-10-08,official pages opened,Research only; not contacted
RET-013,Satoshi's Place,retail,Satoshi's Place,UK,HOLD,mail@satoshisplace.co.uk,public hub enquiry email,https://satoshisplace.co.uk/,https://satoshisplace.co.uk/,"Site describes third-party merchandise, books and Bitcoin art; online store explicitly marked offline for redesign.","If active retail is reconfirmed, assess a small local display and book-reading/demo concept.",Confirm venue and retail activity first; old development language and offline shop prevent ready-to-contact classification.,,,,2026-10-08,official pages opened,Research only; not contacted
RET-014,Bitcoin Bazar,retail,Bitcoin Bazar,France,HOLD,https://bitcoinbazar.fr/pages/contact,public store contact form,https://bitcoinbazar.fr/pages/contact,https://bitcoinbazar.fr/policies/terms-of-service,Official indexed terms say physical Paris shop permanently closed and online orders continue.,Online educational collectible/book listing may suit the Bitcoin product range.,Conflicting indexed physical-store status; confirm operating channel before approach. Bitcoin-only fit and French-language demand need checking.,,,,2026-10-08,mixed/index evidence; recheck required,Research only; not contacted
RET-015,Degen Collectibles,retail,Degen Collectibles,USA,C,https://degencollectibles.com/contact,public general business form,https://degencollectibles.com/contact,https://degencollectibles.com/contact,"Official contact page invites stock, trade and event questions at a San Jose card shop.",Gauge appetite for original anime-styled non-sports cards and a demonstration pack.,Name alone does not establish a crypto audience; no wholesale intake invitation verified.,,,,2026-10-08,official pages opened,Research only; not contacted
RET-016,Back 2 Back Trading,retail,Back 2 Back Trading,USA,C,back2backcards@gmail.com,public project-enquiry email,https://back2backtrading.com/,https://back2backtrading.com/,"Official site offers custom art card projects and trading-card packs, including Bitcoin-themed cards.",Explore collector-market feedback or complementary distribution rather than treating a card producer as a proven buyer.,Potential competitor/service provider; no manufacturing order or partnership implied.,,,,2026-10-08,official pages opened,Research only; not contacted
RET-017,BT Collectibles,retail,BT Collectibles,USA,C,orders@btcollectibles.com,public inventory/quote email,https://btcollectibles.com/,https://btcollectibles.com/,Indexed official page describes sealed-card wholesale distribution for resellers.,"Later-stage distribution conversation once demand, case packs and retailer margin are demonstrated.",Official page opened with no readable body; search-index evidence only. Established TCG demand does not prove fit for new non-game history cards.,,,,2026-10-08,mixed/index evidence; recheck required,Research only; not contacted
RET-018,Koil Breaks,retail,Koil Breaks,Online / geography unverified,HOLD,https://koilbreaks.com/,official-site route; business contact unresolved,https://koilbreaks.com/,https://koilbreaks.com/,Indexed official site sells Bitcoin trading-card singles and links collector livestreams.,Potential pack demonstration and specialist collector feedback after a business channel is verified.,Direct page retrieval failed; no business address guessed. Close relationship with another Bitcoin card line may create competitive conflict.,,,,2026-10-08,mixed/index evidence; recheck required,Research only; not contacted
